Workbook

Sheet Planejamento
G1: CONSOLIDADO
C2: CLIENTE | D2: PED. PLACES | E2: TM PLACES | F2: RECEITA PLACES | G2: FAT | H2: PED | I2: TM
B3: 1 | C3: BACIO DI LATTE | G3: 34429130 | H3: 329237 | I3: 104.57248 | J3: BACIO DI LATTE (+200) | L3: jan | M3: jan (real) | N3: Diferença (jan) | O3: Comparativo (jan) | P3: fev | Q3: fev (real) | R3: Diferença (fev) | S3: Comparativo (fev) | T3: mar | U3: mar (real) | V3: Diferença (mar) | W3: Comparativo (mar) | X3: abr | Y3: abr (real) | AA3: Diferença (abr) | AB3: Comparativo (abr) | AC3: mai | AE3: mai (real) | AF3: Diferença (mai) | AH3: Comparativo (mai) | AI3: jun | AJ3: jun (real) | AK3: Diferença (jun) | AL3: Comparativo (jun) | AM3: jul | AN3: jul (real) | AO3: Diferença (jul) | AP3: Comparativo (jul) | AQ3: ago | AR3: ago (real) | AS3: Diferença (ago) | AT3: Comparativo (ago) | AU3: set | AV3: set (real) | AW3: Diferença (set) | AX3: Comparativo (set) | AY3: out | AZ3: out (real) | BA3: Diferença (out) | BB3: Comparativo (out) | BC3: nov | BD3: nov (real) | BE3: Diferença (nov) | BF3: Comparativo (nov) | BG3: dez | BH3: dez (real) | BI3: Diferença (dez) | BJ3: Comparativo (dez) | BK3: 2026 (Projeção) | BL3: 2026 (Projeção até Jun) | BM3: 2026 (Projeção até Jul) | BN3: 2026 (real) | BO3: 2026 (Projeção x Real) | BP3: 2025 | BQ3: -
J5: % do mês no ano | L5: - | M5: - | N5: - | O5: Taxa | P5: - | Q5: - | R5: - | S5: Taxa | T5: 0.04 | U5: =U6/(BK6-(L6 + P6)) -> 0.11865253 | V5: - | W5: Taxa | X5: 0.06 | Y5: =Y6/(BK6-(L6+P6)) -> 0.082262362 | AA5: - | AB5: Taxa | AC5: 0.08 | AE5: =AE6/(BK6-(L6+P6)) -> 0.079638607 | AF5: - | AH5: Taxa | AI5: 0.08 | AJ5: {=IF('Projeção'!AL5:AL1566="", "", 'Projeção'!AL5:AL1566)} -> 0.070108265 | AK5: - | AL5: Taxa | AM5: 0.1 | AN5: {=IF('Projeção'!AU5:AU1566="", "", 'Projeção'!AU5:AU1566)} -> 0.031988516 | AO5: - | AP5: Taxa | AQ5: 0.06 | AR5: =AR6/(BK6-(L6+P6)) -> 0 | AS5: - | AT5: Taxa | AU5: 0.14 | AV5: =AV6/(BK6-(L6+P6)) -> 0 | AW5: - | AX5: Taxa | AY5: 0.14 | AZ5: =AZ6/(BK6-(L6+P6)) -> 0 | BA5: - | BB5: Taxa | BC5: 0.16 | BD5: =BD6/(BK6-(L6+P6)) -> 0 | BE5: - | BF5: Taxa | BG5: 0.14 | BH5: =BH6/(CN6-(AY6 + BC6)) -> 0 | BI5: - | BJ5: Taxa | BK5: =SUM(T5,X5,AC5,AI5,AM5,AQ5,AU5,AY5,BC5,BG5) -> 1 | BL5: =SUM(T5,X5,AC5,AI5) -> 0.26 | BM5: =SUM(T5,X5,AC5,AI5,AM5) -> 0.36 | BN5: =SUM(U5,Y5,AE5,AJ5,AN5,AR5,AV5,AZ5,BD5,BH5) -> 0.38265027
J6: GMV | L6: 2864120 | M6: 3131157.9 | N6: =IFERROR(M6-L6,"-") -> 267037.88 | O6: =IFERROR(M6/L6-1,"-") -> 0.093235577 | P6: 2553655 | Q6: 2769592.7 | R6: =IFERROR(Q6-P6,"-") -> 215937.71 | S6: =IFERROR(Q6/P6-1,"-") -> 0.084560252 | T6: =($BK$6-($L$6+$P$6))*T5 -> 1783289 | U6: 5289793.6 | V6: =IFERROR(U6-T6,"-") -> 3506504.6 | W6: =IFERROR(U6/T6-1,"-") -> 1.9663131 | X6: =($BK$6-($L$6+$P$6))*X5 -> 2674933.5 | Y6: 3667439.1 | AA6: =IFERROR(Y6-X6,"-") -> 992505.64 | AB6: =IFERROR(Y6/X6-1,"-") -> 0.37103937 | AC6: =($BK$6-($L$6+$P$6))*AC5 -> 3566578 | AE6: 3550466.3 | AF6: =IFERROR(AE6-AC6,"-") -> -16111.72 | AH6: =IFERROR(AE6/AC6-1,"-") -> -0.004517417 | AI6: =($BK$6-($L$6+$P$6))*AI5 -> 3566578 | AJ6: 3125582.4 | AK6: =IFERROR(AJ6-AI6,"-") -> -440995.57 | AL6: =IFERROR(AJ6/AI6-1,"-") -> -0.12364669 | AM6: =($BK$6-($L$6+$P$6))*AM5 -> 4458222.5 | AN6: 1426119.2 | AO6: =IFERROR(AN6-AM6,"-") -> -3032103.3 | AP6: =IFERROR(AN6/AM6-1,"-") -> -0.68011484 | AQ6: =($BK$6-($L$6+$P$6))*AQ5 -> 2674933.5 | AS6: =IFERROR(AR6-AQ6,"-") -> -2674933.5 | AT6: =IFERROR(AR6/AQ6-1,"-") -> -1 | AU6: =($BK$6-($L$6+$P$6))*AU5 -> 6241511.5 | AW6: =IFERROR(AV6-AU6,"-") -> -6241511.5 | AX6: =IFERROR(AV6/AU6-1,"-") -> -1 | AY6: =($BK$6-($L$6+$P$6))*AY5 -> 6241511.5 | BA6: =IFERROR(AZ6-AY6,"-") -> -6241511.5 | BB6: =IFERROR(AZ6/AY6-1,"-") -> -1 | BC6: =($BK$6-($L$6+$P$6))*BC5 -> 7133156 | BE6: =IFERROR(BD6-BC6,"-") -> -7133156 | BF6: =IFERROR(BD6/BC6-1,"-") -> -1 | BG6: =($BK$6-($L$6+$P$6))*BG5 -> 6241511.5 | BI6: =IFERROR(BH6-BG6,"-") -> -6241511.5 | BJ6: =IFERROR(BH6/BG6-1,"-") -> -1 | BK6: 50000000 | BL6: =SUM(L6,P6,T6,X6,AC6,AI6) -> 17009154 | BM6: =SUM(L6,P6,T6,X6,AC6,AI6,AM6) -> 21467376 | BN6: =SUM(M6,Q6,U6,Y6,AE6,AJ6,AN6,AR6,AV6,AZ6,BD6,BH6) -> 22960151 | BO6: =IFERROR(BN6/BK6-1,"-") -> -0.54079698 | BP6: 34645067 | BQ6: =BK6/BP6-1 -> 0.44320689
J7: Pedidos | L7: 33527 | M7: 33320 | N7: =IFERROR(M7-L7,"-") -> -207 | O7: =IFERROR(M7/L7-1,"-") -> -0.0061741283 | P7: 28807 | Q7: 28740 | R7: =IFERROR(Q7-P7,"-") -> -67 | S7: =IFERROR(Q7/P7-1,"-") -> -0.0023258236 | T7: =T6/$K$8 -> 19814.322 | U7: 41947 | V7: =IFERROR(U7-T7,"-") -> 22132.678 | W7: =IFERROR(U7/T7-1,"-") -> 1.117004 | X7: =X6/$K$8 -> 29721.483 | Y7: 37395 | AA7: =IFERROR(Y7-X7,"-") -> 7673.5167 | AB7: =IFERROR(Y7/X7-1,"-") -> 0.25818081 | AC7: =AC6/$K$8 -> 39628.644 | AE7: 35712 | AF7: =IFERROR(AE7-AC7,"-") -> -3916.6444 | AH7: =IFERROR(AE7/AC7-1,"-") -> -0.098833672 | AI7: =AI6/$K$8 -> 39628.644 | AJ7: 33203 | AK7: =IFERROR(AJ7-AI7,"-") -> -6425.6444 | AL7: =IFERROR(AJ7/AI7-1,"-") -> -0.16214646 | AM7: =AM6/$K$8 -> 49535.806 | AN7: 14983 | AO7: =IFERROR(AN7-AM7,"-") -> -34552.806 | AP7: =IFERROR(AN7/AM7-1,"-") -> -0.69753192 | AQ7: =AQ6/$K$8 -> 29721.483 | AS7: =IFERROR(AR7-AQ7,"-") -> -29721.483 | AT7: =IFERROR(AR7/AQ7-1,"-") -> -1 | AU7: =AU6/$K$8 -> 69350.128 | AW7: =IFERROR(AV7-AU7,"-") -> -69350.128 | AX7: =IFERROR(AV7/AU7-1,"-") -> -1 | AY7: =AY6/$K$8 -> 69350.128 | BA7: =IFERROR(AZ7-AY7,"-") -> -69350.128 | BB7: =IFERROR(AZ7/AY7-1,"-") -> -1 | BC7: =BC6/$K$8 -> 79257.289 | BE7: =IFERROR(BD7-BC7,"-") -> -79257.289 | BF7: =IFERROR(BD7/BC7-1,"-") -> -1 | BG7: =BG6/$K$8 -> 69350.128 | BI7: =IFERROR(BH7-BG7,"-") -> -69350.128 | BJ7: =IFERROR(BH7/BG7-1,"-") -> -1 | BK7: =SUM(L7,P7,T7,X7,AC7,AI7,AM7,AQ7,AU7,AY7,BC7,BG7) -> 557692.06 | BL7: =SUM(L7,P7,T7,X7,AC7,AI7) -> 191127.09 | BM7: =SUM(L7,P7,T7,X7,AC7,AI7,AM7) -> 240662.9 | BN7: =SUM(M7,Q7,U7,Y7,AE7,AJ7,AN7,AR7,AV7,AZ7,BD7,BH7) -> 225300 | BO7: =(BN7/BK7-1) -> -0.59601361 | BP7: 329232 | BQ7: =BK7/BP7-1 -> 0.69391814
J8: Ticket Médio | K8: 90 | L8: 90 | M8: =IFERROR(M6/M7,"-") -> 93.972325 | N8: =IFERROR(M8-L8,"-") -> 3.9723253 | O8: =IFERROR(M8/L8-1,"-") -> 0.044136948 | P8: 90 | Q8: =Q6/Q7 -> 96.367178 | R8: =IFERROR(Q8-P8,"-") -> 6.3671785 | S8: =IFERROR(Q8/P8-1,"-") -> 0.070746428 | T8: 90 | U8: =IFERROR(U6/U7,"-") -> 126.1066 | V8: =IFERROR(U8-T8,"-") -> 36.1066 | W8: =IFERROR(U8/T8-1,"-") -> 0.40118445 | X8: =IFERROR(X6/X7,"-") -> 90 | Y8: =IFERROR(Y6/Y7,"-") -> 98.072981 | AA8: =IFERROR(Y8-X8,"-") -> 8.0729814 | AB8: =IFERROR(Y8/X8-1,"-") -> 0.089699793 | AC8: 90 | AE8: =IFERROR(AE6/AE7,"-") -> 99.419419 | AF8: =IFERROR(AE8-AC8,"-") -> 9.4194187 | AH8: =IFERROR(AE8/AC8-1,"-") -> 0.10466021 | AI8: =AI6/AI7 -> 90 | AJ8: 94.135543 | AK8: =IFERROR(AJ8-AI8,"-") -> 4.1355429 | AL8: =IFERROR(AJ8/AI8-1,"-") -> 0.045950476 | AM8: =AM6/AM7 -> 90 | AN8: 95.182487 | AO8: =IFERROR(AN8-AM8,"-") -> 5.1824875 | AP8: =IFERROR(AN8/AM8-1,"-") -> 0.057583194 | AQ8: =AQ6/AQ7 -> 90 | AR8: =IFERROR(AR6/AR7,"-") -> - | AS8: =IFERROR(AR8-AQ8,"-") -> - | AT8: =IFERROR(AR8/AQ8-1,"-") -> - | AU8: =AU6/AU7 -> 90 | AV8: =IFERROR(AV6/AV7,"-") -> - | AW8: =IFERROR(AV8-AU8,"-") -> - | AX8: =IFERROR(AV8/AU8-1,"-") -> - | AY8: =AY6/AY7 -> 90 | AZ8: =IFERROR(AZ6/AZ7,"-") -> - | BA8: =IFERROR(AZ8-AY8,"-") -> - | BB8: =IFERROR(AZ8/AY8-1,"-") -> - | BC8: =BC6/BC7 -> 90 | BD8: =IFERROR(BD6/BD7,"-") -> - | BE8: =IFERROR(BD8-BC8,"-") -> - | BF8: =IFERROR(BD8/BC8-1,"-") -> - | BG8: =BG6/BG7 -> 90 | BH8: =IFERROR(BH6/BH7,"-") -> - | BI8: =IFERROR(BH8-BG8,"-") -> - | BJ8: =IFERROR(BH8/BG8-1,"-") -> - | BK8: =BK6/BK7 -> 89.655213 | BL8: =IFERROR(BL6/BL7,"-") -> 88.993942 | BM8: =IFERROR(BM6/BM7,"-") -> 89.201019 | BN8: =BN6/BN7 -> 101.90924 | BO8: =(BN8/BK8-1) -> 0.13667944 | BP8: =BP6/BP7 -> 105.22995 | BQ8: =BK8/BP8-1 -> -0.1480067
J9: Receita Hanzo | K9: 0.049 | L9: =L6*$K$9 -> 140341.88 | M9: =M6*$K$9 -> 153426.74 | N9: =IFERROR(M9-L9,"-") -> 13084.856 | O9: =IFERROR(M9/L9-1,"-") -> 0.093235577 | P9: =P6*$K$9 -> 125129.1 | Q9: =Q6*$K$9 -> 135710.04 | R9: =IFERROR(Q9-P9,"-") -> 10580.948 | S9: =IFERROR(Q9/P9-1,"-") -> 0.084560252 | T9: =T6*$K$9 -> 87381.161 | U9: =U6*$K$9 -> 259199.88 | V9: =IFERROR(U9-T9,"-") -> 171818.72 | W9: =IFERROR(U9/T9-1,"-") -> 1.9663131 | X9: =X6*$K$9 -> 131071.74 | Y9: =Y6*$K$9 -> 179704.52 | AA9: =IFERROR(Y9-X9,"-") -> 48632.776 | AB9: =IFERROR(Y9/X9-1,"-") -> 0.37103937 | AC9: =AC6*$K$9 -> 174762.32 | AE9: =AE6*$K$9 -> 173972.85 | AF9: =IFERROR(AE9-AC9,"-") -> -789.47428 | AH9: =IFERROR(AE9/AC9-1,"-") -> -0.004517417 | AI9: =AI6*$K$9 -> 174762.32 | AJ9: 153153.54 | AK9: =IFERROR(AJ9-AI9,"-") -> -21608.783 | AL9: =IFERROR(AJ9/AI9-1,"-") -> -0.12364669 | AM9: =AM6*$K$9 -> 218452.9 | AN9: 69879.841 | AO9: =IFERROR(AN9-AM9,"-") -> -148573.06 | AP9: =IFERROR(AN9/AM9-1,"-") -> -0.68011484 | AQ9: =AQ6*$K$9 -> 131071.74 | AR9: =AR6*$K$9 -> 0 | AS9: =IFERROR(AR9-AQ9,"-") -> -131071.74 | AT9: =IFERROR(AR9/AQ9-1,"-") -> -1 | AU9: =AU6*$K$9 -> 305834.06 | AV9: =AV6*$K$9 -> 0 | AW9: =IFERROR(AV9-AU9,"-") -> -305834.06 | AX9: =IFERROR(AV9/AU9-1,"-") -> -1 | AY9: =AY6*$K$9 -> 305834.06 | AZ9: =AZ6*$K$9 -> 0 | BA9: =IFERROR(AZ9-AY9,"-") -> -305834.06 | BB9: =IFERROR(AZ9/AY9-1,"-") -> -1 | BC9: =BC6*$K$9 -> 349524.64 | BD9: =BD6*$K$9 -> 0 | BE9: =IFERROR(BD9-BC9,"-") -> -349524.64 | BF9: =IFERROR(BD9/BC9-1,"-") -> -1 | BG9: =BG6*$K$9 -> 305834.06 | BH9: =BH6*$K$9 -> 0 | BI9: =IFERROR(BH9-BG9,"-") -> -305834.06 | BJ9: =IFERROR(BH9/BG9-1,"-") -> -1 | BK9: =SUM(L9,P9,T9,X9,AC9,AI9,AM9,AQ9,AU9,AY9,BC9,BG9) -> 2450000 | BL9: =SUM(L9,P9,T9,X9,AC9,AI9) -> 833448.52 | BM9: =SUM(L9,P9,T9,X9,AC9,AI9,AM9) -> 1051901.4 | BN9: =SUM(M9,Q9,U9,Y9,AE9,AJ9,AN9,AR9,AV9,AZ9,BD9,BH9) -> 1125047.4 | BO9: =(BN9/BK9-1) -> -0.54079698 | BP9: =BP6*0.049 -> 1697608.3 | BQ9: =BK9/BP9-1 -> 0.44320689
P10: 16 | R10: 100 | S10: 180 | T10: 300 | U10: 400 | V10: 450 | W10: 500
J11: CHIQUINHO (+1000) | L11: jan | M11: jan (real) | N11: Diferença (jan) | O11: Comparativo (jan) | P11: fev | Q11: fev (real) | R11: Diferença (fev) | S11: Comparativo (fev) | T11: mar | U11: mar (real) | V11: Diferença (mar) | W11: Comparativo (mar) | X11: abr | Y11: abr (real) | AA11: Diferença (abr) | AB11: Comparativo (abr) | AC11: mai | AE11: mai (real) | AF11: Diferença (mai) | AH11: Comparativo (mai) | AI11: jun | AJ11: jun (real) | AK11: Diferença (jun) | AL11: Comparativo (jun) | AM11: jul | AN11: jul (real) | AO11: Diferença (jul) | AP11: Comparativo (jul) | AQ11: ago | AR11: ago (real) | AS11: Diferença (ago) | AT11: Comparativo (ago) | AU11: set | AV11: set (real) | AW11: Diferença (set) | AX11: Comparativo (set) | AY11: out | AZ11: out (real) | BA11: Diferença (out) | BB11: Comparativo (out) | BC11: nov | BD11: nov (real) | BE11: Diferença (nov) | BF11: Comparativo (nov) | BG11: dez | BH11: dez (real) | BI11: Diferença (dez) | BJ11: Comparativo (dez) | BK11: 2026 (Projeção) | BL11: 2026 (Projeção Jun) | BM11: 2026 (Projeção até Jul) | BN11: 2026 (real) | BO11: 2026 (Projeção x Real) | BP11: 2025 | BQ11: -
B13: 3 | C13: DRUMATTOS/ALIFE NINO | J13: % do mês no ano | L13: - | M13: - | N13: - | O13: Taxa | P13: - | R13: - | S13: Taxa | T13: - | V13: - | W13: Taxa | X13: - | AA13: - | AB13: Taxa | AC13: 0.01 | AE13: =AE14/(BK14-(L14+P14+T14+X14)) -> 0.000267215 | AF13: - | AH13: Taxa | AI13: 0.02 | AJ13: 0.001863735 | AK13: - | AL13: Taxa | AM13: 0.05 | AN13: 8.449e-05 | AO13: - | AP13: Taxa | AQ13: 0.1 | AR13: =AR14/(BK14-(L14+P14+T14+X14)) -> 0 | AS13: - | AT13: Taxa | AU13: 0.12 | AV13: =AV14/(BK14-(L14+P14+T14+X14)) -> 0 | AW13: - | AX13: Taxa | AY13: 0.2 | AZ13: =AZ14/(BK14-(L14+P14+T14+X14)) -> 0 | BA13: - | BB13: Taxa | BC13: 0.25 | BD13: =BD14/(BK14-(L14+P14+T14+X14)) -> 0 | BE13: - | BF13: Taxa | BG13: 0.25 | BH13: =BH14/(BK14-(L14+P14+T14+X14)) -> 0 | BI13: - | BJ13: Taxa | BK13: =SUM(AC13,AI13,AM13,AQ13,AU13,AY13,BC13,BG13) -> 1 | BL13: =SUM(AC13,AI13) -> 0.03 | BM13: =SUM(T13,X13,AC13,AI13,AM13) -> 0.08 | BN13: =SUM(AE13,AJ13,AN13,AR13,AV13,AZ13,BD13,BH13) -> 0.00221544 | BP13: -
J14: GMV | L14: 0 | M14: 345.44 | N14: =IFERROR(M14-L14,"-") -> 345.44 | O14: =IFERROR(M14/L14-1,"-") -> - | P14: 0 | Q14: 511.94 | R14: =IFERROR(Q14-P14,"-") -> 511.94 | S14: =IFERROR(Q14/P14-1,"-") -> - | T14: 0 | U14: 724.91 | V14: =IFERROR(U14-T14,"-") -> 724.91 | W14: =IFERROR(U14/T14-1,"-") -> - | X14: 0 | Y14: 682.92 | AA14: =IFERROR(Y14-X14,"-") -> 682.92 | AB14: =IFERROR(Y14/X14-1,"-") -> - | AC14: =($BK$14-($L$14+$P$14+T14+X14))*AC13 -> 20000 | AE14: 534.43 | AF14: =IFERROR(AE14-AC14,"-") -> -19465.57 | AH14: =IFERROR(AE14/AC14-1,"-") -> -0.9732785 | AI14: =($BK$14-($L$14+$P$14+$T$14+$X$14))*AI13 -> 40000 | AJ14: 3727.47 | AK14: =IFERROR(AJ14-AI14,"-") -> -36272.53 | AL14: =IFERROR(AJ14/AI14-1,"-") -> -0.90681325 | AM14: =($BK$14-($L$14+$P$14+$T$14+$X$14))*AM13 -> 100000 | AN14: 168.98 | AO14: =IFERROR(AN14-AM14,"-") -> -99831.02 | AP14: =IFERROR(AN14/AM14-1,"-") -> -0.9983102 | AQ14: =($BK$14-($L$14+$P$14+$T$14+$X$14))*AQ13 -> 200000 | AS14: =IFERROR(AR14-AQ14,"-") -> -200000 | AT14: =IFERROR(AR14/AQ14-1,"-") -> -1 | AU14: =($BK$14-($L$14+$P$14+$T$14+$X$14))*AU13 -> 240000 | AW14: =IFERROR(AV14-AU14,"-") -> -240000 | AX14: =IFERROR(AV14/AU14-1,"-") -> -1 | AY14: =($BK$14-($L$14+$P$14+$T$14+$X$14))*AY13 -> 400000 | BA14: =IFERROR(AZ14-AY14,"-") -> -400000 | BB14: =IFERROR(AZ14/AY14-1,"-") -> -1 | BC14: =($BK$14-($L$14+$P$14+$T$14+$X$14))*BC13 -> 500000 | BE14: =IFERROR(BD14-BC14,"-") -> -500000 | BF14: =IFERROR(BD14/BC14-1,"-") -> -1 | BG14: =($BK$14-($L$14+$P$14+$T$14+$X$14))*BG13 -> 500000 | BI14: =IFERROR(BH14-BG14,"-") -> -500000 | BJ14: =IFERROR(BH14/BG14-1,"-") -> -1 | BK14: 2000000 | BL14: =SUM(L14,P14,T14,X14,AC14,AI14) -> 60000 | BM14: =SUM(L14,P14,T14,X14,AC14,AI14,AM14) -> 160000 | BN14: =SUM(M14,Q14,U14,Y14,AE14,AJ14,AN14,AR14,AV14,AZ14,BD14,BH14) -> 6696.09 | BO14: =IFERROR(BN14/BK14-1,"-") -> -0.99665196 | BP14: - | BQ14: =IFERROR((BK14/BP14),"-") -> -
J15: Pedidos | L15: 0 | M15: 15 | N15: =IFERROR(M15-L15,"-") -> 15 | O15: =IFERROR(M15/L15-1,"-") -> - | P15: 0 | Q15: 8 | R15: =IFERROR(Q15-P15,"-") -> 8 | S15: =IFERROR(Q15/P15-1,"-") -> - | T15: =T14/$K$16 -> 0 | U15: 9 | V15: =IFERROR(U15-T15,"-") -> 9 | W15: =IFERROR(U15/T15-1,"-") -> - | X15: =X14/$K$16 -> 0 | Y15: 11 | AA15: =IFERROR(Y15-X15,"-") -> 11 | AB15: =IFERROR(Y15/X15-1,"-") -> - | AC15: =AC14/$K$16 -> 666.66667 | AE15: 11 | AF15: =IFERROR(AE15-AC15,"-") -> -655.66667 | AH15: =IFERROR(AE15/AC15-1,"-") -> -0.9835 | AI15: =AI14/$K$16 -> 1333.3333 | AJ15: 154 | AK15: =IFERROR(AJ15-AI15,"-") -> -1179.3333 | AL15: =IFERROR(AJ15/AI15-1,"-") -> -0.8845 | AM15: =AM14/$K$16 -> 3333.3333 | AN15: 5 | AO15: =IFERROR(AN15-AM15,"-") -> -3328.3333 | AP15: =IFERROR(AN15/AM15-1,"-") -> -0.9985 | AQ15: =AQ14/$K$16 -> 6666.6667 | AS15: =IFERROR(AR15-AQ15,"-") -> -6666.6667 | AT15: =IFERROR(AR15/AQ15-1,"-") -> -1 | AU15: =AU14/$K$16 -> 8000 | AW15: =IFERROR(AV15-AU15,"-") -> -8000 | AX15: =IFERROR(AV15/AU15-1,"-") -> -1 | AY15: =AY14/$K$16 -> 13333.333 | BA15: =IFERROR(AZ15-AY15,"-") -> -13333.333 | BB15: =IFERROR(AZ15/AY15-1,"-") -> -1 | BC15: =BC14/$K$16 -> 16666.667 | BE15: =IFERROR(BD15-BC15,"-") -> -16666.667 | BF15: =IFERROR(BD15/BC15-1,"-") -> -1 | BG15: =BG14/$K$16 -> 16666.667 | BI15: =IFERROR(BH15-BG15,"-") -> -16666.667 | BJ15: =IFERROR(BH15/BG15-1,"-") -> -1 | BK15: =SUM(L15,P15,T15,X15,AC15,AI15,AM15,AQ15,AU15,AY15,BC15,BG15) -> 66666.667 | BL15: =SUM(L15,P15,T15,X15,AC15,AI15) -> 2000 | BM15: =SUM(L15,P15,T15,X15,AC15,AI15,AM15) -> 5333.3333 | BN15: =SUM(M15,Q15,U15,Y15,AE15,AJ15,AN15,AR15,AV15,AZ15,BD15,BH15) -> 213 | BO15: =IFERROR(BN15/BK15-1,"-") -> -0.996805 | BP15: - | BQ15: =IFERROR((BK15/BP15),"-") -> -
J16: Ticket Médio | K16: 30 | L16: 30 | M16: =IFERROR(M14/M15,"-") -> 23.029333 | N16: =IFERROR(M16-L16,"-") -> -6.9706667 | O16: =IFERROR(M16/L16-1,"-") -> -0.23235556 | P16: 30 | Q16: =IFERROR(Q14/Q15,"-") -> 63.9925 | R16: =IFERROR(Q16-P16,"-") -> 33.9925 | S16: =IFERROR(Q16/P16-1,"-") -> 1.1330833 | T16: 30 | U16: =IFERROR(U14/U15,"-") -> 80.545556 | V16: =IFERROR(U16-T16,"-") -> 50.545556 | W16: =IFERROR(U16/T16-1,"-") -> 1.6848519 | X16: 30 | Y16: =IFERROR(Y14/Y15,"-") -> 62.083636 | AA16: =IFERROR(Y16-X16,"-") -> 32.083636 | AB16: =IFERROR(Y16/X16-1,"-") -> 1.0694545 | AC16: =AC14/AC15 -> 30 | AE16: =IFERROR(AE14/AE15,"-") -> 48.584545 | AF16: =IFERROR(AE16-AC16,"-") -> 18.584545 | AH16: =IFERROR(AE16/AC16-1,"-") -> 0.61948485 | AI16: =AI14/AI15 -> 30 | AJ16: 24.204351 | AK16: =IFERROR(AJ16-AI16,"-") -> -5.7956494 | AL16: =IFERROR(AJ16/AI16-1,"-") -> -0.19318831 | AM16: =AM14/AM15 -> 30 | AN16: 33.796 | AO16: =IFERROR(AN16-AM16,"-") -> 3.796 | AP16: =IFERROR(AN16/AM16-1,"-") -> 0.12653333 | AQ16: =AQ14/AQ15 -> 30 | AR16: =IFERROR(AR14/AR15,"-") -> - | AS16: =IFERROR(AR16-AQ16,"-") -> - | AT16: =IFERROR(AR16/AQ16-1,"-") -> - | AU16: =AU14/AU15 -> 30 | AV16: =IFERROR(AV14/AV15,"-") -> - | AW16: =IFERROR(AV16-AU16,"-") -> - | AX16: =IFERROR(AV16/AU16-1,"-") -> - | AY16: =AY14/AY15 -> 30 | AZ16: =IFERROR(AZ14/AZ15,"-") -> - | BA16: =IFERROR(AZ16-AY16,"-") -> - | BB16: =IFERROR(AZ16/AY16-1,"-") -> - | BC16: =BC14/BC15 -> 30 | BD16: =IFERROR(BD14/BD15,"-") -> - | BE16: =IFERROR(BD16-BC16,"-") -> - | BF16: =IFERROR(BD16/BC16-1,"-") -> - | BG16: =BG14/BG15 -> 30 | BH16: =IFERROR(BH14/BH15,"-") -> - | BI16: =IFERROR(BH16-BG16,"-") -> - | BJ16: =IFERROR(BH16/BG16-1,"-") -> - | BK16: =BK14/BK15 -> 30 | BL16: =IFERROR(BL14/BL15,"-") -> 30 | BM16: =IFERROR(BM14/BM15,"-") -> 30 | BN16: =BN14/BN15 -> 31.437042 | BO16: =IFERROR(BN16/BK16-1,"-") -> 0.047901408 | BP16: -
J17: Receita Hanzo | K17: 1.4 | L17: =IF(L15=0, 0, MIN(L15, 10000) * 1.4 + MAX(0, MIN(L15, 25000) - 10000) * 1.25 + MAX(0, MIN(L15, 50000) - 25000) * 1.15 + MAX(0, MIN(L15, 100000) - 50000) * 0.9 + MAX(0, MIN(L15, 150000) - 100000) * 0.8 + MAX(0, L15 - 150000) * 0.7 ) -> 0 | M17: =IF(M15=0, 0, MIN(M15, 10000) * 1.4 + MAX(0, MIN(M15, 25000) - 10000) * 1.25 + MAX(0, MIN(M15, 50000) - 25000) * 1.15 + MAX(0, MIN(M15, 100000) - 50000) * 0.9 + MAX(0, MIN(M15, 150000) - 100000) * 0.8 + MAX(0, M15 - 150000) * 0.7 ) -> 21 | N17: =IFERROR(M17-L17,"-") -> 21 | O17: =IFERROR(M17/L17-1,"-") -> - | P17: =IF(P15=0, 0, MIN(P15, 10000) * 1.4 + MAX(0, MIN(P15, 25000) - 10000) * 1.25 + MAX(0, MIN(P15, 50000) - 25000) * 1.15 + MAX(0, MIN(P15, 100000) - 50000) * 0.9 + MAX(0, MIN(P15, 150000) - 100000) * 0.8 + MAX(0, P15 - 150000) * 0.7 ) -> 0 | Q17: =IF(Q15=0, 0, MIN(Q15, 10000) * 1.4 + MAX(0, MIN(Q15, 25000) - 10000) * 1.25 + MAX(0, MIN(Q15, 50000) - 25000) * 1.15 + MAX(0, MIN(Q15, 100000) - 50000) * 0.9 + MAX(0, MIN(Q15, 150000) - 100000) * 0.8 + MAX(0, Q15 - 150000) * 0.7 ) -> 11.2 | R17: =IFERROR(Q17-P17,"-") -> 11.2 | S17: =IFERROR(Q17/P17-1,"-") -> - | T17: =IF(T15=0, 0, MIN(T15, 10000) * 1.4 + MAX(0, MIN(T15, 25000) - 10000) * 1.25 + MAX(0, MIN(T15, 50000) - 25000) * 1.15 + MAX(0, MIN(T15, 100000) - 50000) * 0.9 + MAX(0, MIN(T15, 150000) - 100000) * 0.8 + MAX(0, T15 - 150000) * 0.7 ) -> 0 | U17: =IF(U15=0, 0, MIN(U15, 10000) * 1.4 + MAX(0, MIN(U15, 25000) - 10000) * 1.25 + MAX(0, MIN(U15, 50000) - 25000) * 1.15 + MAX(0, MIN(U15, 100000) - 50000) * 0.9 + MAX(0, MIN(U15, 150000) - 100000) * 0.8 + MAX(0, U15 - 150000) * 0.7 ) -> 12.6 | V17: =IFERROR(U17-T17,"-") -> 12.6 | W17: =IFERROR(U17/T17-1,"-") -> - | X17: =IF(X15=0, 0, MIN(X15, 10000) * 1.4 + MAX(0, MIN(X15, 25000) - 10000) * 1.25 + MAX(0, MIN(X15, 50000) - 25000) * 1.15 + MAX(0, MIN(X15, 100000) - 50000) * 0.9 + MAX(0, MIN(X15, 150000) - 100000) * 0.8 + MAX(0, X15 - 150000) * 0.7 ) -> 0 | Y17: =IF(Y15=0, 0, MIN(Y15, 10000) * 1.4 + MAX(0, MIN(Y15, 25000) - 10000) * 1.25 + MAX(0, MIN(Y15, 50000) - 25000) * 1.15 + MAX(0, MIN(Y15, 100000) - 50000) * 0.9 + MAX(0, MIN(Y15, 150000) - 100000) * 0.8 + MAX(0, Y15 - 150000) * 0.7 ) -> 15.4 | AA17: =IFERROR(Y17-X17,"-") -> 15.4 | AB17: =IFERROR(Y17/X17-1,"-") -> - | AC17: =IF(AC15=0, 0, MIN(AC15, 10000) * 1.4 + MAX(0, MIN(AC15, 25000) - 10000) * 1.25 + MAX(0, MIN(AC15, 50000) - 25000) * 1.15 + MAX(0, MIN(AC15, 100000) - 50000) * 0.9 + MAX(0, MIN(AC15, 150000) - 100000) * 0.8 + MAX(0, AC15 - 150000) * 0.7 ) -> 933.33333 | AE17: =IF(AE15=0, 0, MIN(AE15, 10000) * 1.4 + MAX(0, MIN(AE15, 25000) - 10000) * 1.25 + MAX(0, MIN(AE15, 50000) - 25000) * 1.15 + MAX(0, MIN(AE15, 100000) - 50000) * 0.9 + MAX(0, MIN(AE15, 150000) - 100000) * 0.8 + MAX(0, AE15 - 150000) * 0.7 ) -> 15.4 | AF17: =IFERROR(AE17-AC17,"-") -> -917.93333 | AH17: =IFERROR(AE17/AC17-1,"-") -> -0.9835 | AI17: =IF(AI15=0, 0, MIN(AI15, 10000) * 1.4 + MAX(0, MIN(AI15, 25000) - 10000) * 1.25 + MAX(0, MIN(AI15, 50000) - 25000) * 1.15 + MAX(0, MIN(AI15, 100000) - 50000) * 0.9 + MAX(0, MIN(AI15, 150000) - 100000) * 0.8 + MAX(0, AI15 - 150000) * 0.7 ) -> 1866.6667 | AJ17: 215.6 | AK17: =IFERROR(AJ17-AI17,"-") -> -1651.0667 | AL17: =IFERROR(AJ17/AI17-1,"-") -> -0.8845 | AM17: =IF(AM15=0, 0, MIN(AM15, 10000) * 1.4 + MAX(0, MIN(AM15, 25000) - 10000) * 1.25 + MAX(0, MIN(AM15, 50000) - 25000) * 1.15 + MAX(0, MIN(AM15, 100000) - 50000) * 0.9 + MAX(0, MIN(AM15, 150000) - 100000) * 0.8 + MAX(0, AM15 - 150000) * 0.7 ) -> 4666.6667 | AN17: 7 | AO17: =IFERROR(AN17-AM17,"-") -> -4659.6667 | AP17: =IFERROR(AN17/AM17-1,"-") -> -0.9985 | AQ17: =IF(AQ15=0, 0, MIN(AQ15, 10000) * 1.4 + MAX(0, MIN(AQ15, 25000) - 10000) * 1.25 + MAX(0, MIN(AQ15, 50000) - 25000) * 1.15 + MAX(0, MIN(AQ15, 100000) - 50000) * 0.9 + MAX(0, MIN(AQ15, 150000) - 100000) * 0.8 + MAX(0, AQ15 - 150000) * 0.7 ) -> 9333.3333 | AR17: =IF(AR15=0, 0, MIN(AR15, 10000) * 1.4 + MAX(0, MIN(AR15, 25000) - 10000) * 1.25 + MAX(0, MIN(AR15, 50000) - 25000) * 1.15 + MAX(0, MIN(AR15, 100000) - 50000) * 0.9 + MAX(0, MIN(AR15, 150000) - 100000) * 0.8 + MAX(0, AR15 - 150000) * 0.7 ) -> 0 | AS17: =IFERROR(AR17-AQ17,"-") -> -9333.3333 | AT17: =IFERROR(AR17/AQ17-1,"-") -> -1 | AU17: =IF(AU15=0, 0, MIN(AU15, 10000) * 1.4 + MAX(0, MIN(AU15, 25000) - 10000) * 1.25 + MAX(0, MIN(AU15, 50000) - 25000) * 1.15 + MAX(0, MIN(AU15, 100000) - 50000) * 0.9 + MAX(0, MIN(AU15, 150000) - 100000) * 0.8 + MAX(0, AU15 - 150000) * 0.7 ) -> 11200 | AV17: =IF(AV15=0, 0, MIN(AV15, 10000) * 1.4 + MAX(0, MIN(AV15, 25000) - 10000) * 1.25 + MAX(0, MIN(AV15, 50000) - 25000) * 1.15 + MAX(0, MIN(AV15, 100000) - 50000) * 0.9 + MAX(0, MIN(AV15, 150000) - 100000) * 0.8 + MAX(0, AV15 - 150000) * 0.7 ) -> 0 | AW17: =IFERROR(AV17-AU17,"-") -> -11200 | AX17: =IFERROR(AV17/AU17-1,"-") -> -1 | AY17: =IF(AY15=0, 0, MIN(AY15, 10000) * 1.4 + MAX(0, MIN(AY15, 25000) - 10000) * 1.25 + MAX(0, MIN(AY15, 50000) - 25000) * 1.15 + MAX(0, MIN(AY15, 100000) - 50000) * 0.9 + MAX(0, MIN(AY15, 150000) - 100000) * 0.8 + MAX(0, AY15 - 150000) * 0.7 ) -> 18166.667 | AZ17: =IF(AZ15=0, 0, MIN(AZ15, 10000) * 1.4 + MAX(0, MIN(AZ15, 25000) - 10000) * 1.25 + MAX(0, MIN(AZ15, 50000) - 25000) * 1.15 + MAX(0, MIN(AZ15, 100000) - 50000) * 0.9 + MAX(0, MIN(AZ15, 150000) - 100000) * 0.8 + MAX(0, AZ15 - 150000) * 0.7 ) -> 0 | BA17: =IFERROR(AZ17-AY17,"-") -> -18166.667 | BB17: =IFERROR(AZ17/AY17-1,"-") -> -1 | BC17: =IF(BC15=0, 0, MIN(BC15, 10000) * 1.4 + MAX(0, MIN(BC15, 25000) - 10000) * 1.25 + MAX(0, MIN(BC15, 50000) - 25000) * 1.15 + MAX(0, MIN(BC15, 100000) - 50000) * 0.9 + MAX(0, MIN(BC15, 150000) - 100000) * 0.8 + MAX(0, BC15 - 150000) * 0.7 ) -> 22333.333 | BD17: =IF(BD15=0, 0, MIN(BD15, 10000) * 1.4 + MAX(0, MIN(BD15, 25000) - 10000) * 1.25 + MAX(0, MIN(BD15, 50000) - 25000) * 1.15 + MAX(0, MIN(BD15, 100000) - 50000) * 0.9 + MAX(0, MIN(BD15, 150000) - 100000) * 0.8 + MAX(0, BD15 - 150000) * 0.7 ) -> 0 | BE17: =IFERROR(BD17-BC17,"-") -> -22333.333 | BF17: =IFERROR(BD17/BC17-1,"-") -> -1 | BG17: =IF(BG15=0, 0, MIN(BG15, 10000) * 1.4 + MAX(0, MIN(BG15, 25000) - 10000) * 1.25 + MAX(0, MIN(BG15, 50000) - 25000) * 1.15 + MAX(0, MIN(BG15, 100000) - 50000) * 0.9 + MAX(0, MIN(BG15, 150000) - 100000) * 0.8 + MAX(0, BG15 - 150000) * 0.7 ) -> 22333.333 | BH17: =IF(BH15=0, 0, MIN(BH15, 10000) * 1.4 + MAX(0, MIN(BH15, 25000) - 10000) * 1.25 + MAX(0, MIN(BH15, 50000) - 25000) * 1.15 + MAX(0, MIN(BH15, 100000) - 50000) * 0.9 + MAX(0, MIN(BH15, 150000) - 100000) * 0.8 + MAX(0, BH15 - 150000) * 0.7 ) -> 0 | BI17: =IFERROR(BH17-BG17,"-") -> -22333.333 | BJ17: =IFERROR(BH17/BG17-1,"-") -> -1 | BK17: =SUM(L17,P17,T17,X17,AC17,AI17,AM17,AQ17,AU17,AY17,BC17,BG17) -> 90833.333 | BL17: =SUM(L17,P17,T17,X17,AC17,AI17) -> 2800 | BM17: =SUM(L17,P17,T17,X17,AC17,AI17,AM17) -> 7466.6667 | BN17: =SUM(M17,Q17,U17,Y17,AE17,AJ17,AN17,AR17,AV17,AZ17,BD17,BH17) -> 298.2 | BO17: =IFERROR(BN17/BK17-1,"-") -> -0.99671706 | BP17: - | BQ17: =IFERROR((BK17/BP17),"-") -> -
J19: CAMARADA CAMARÃO | L19: jan | M19: jan (real) | N19: Diferença (jan) | O19: Comparativo (jan) | P19: fev | Q19: fev (real) | R19: Diferença (fev) | S19: Comparativo (fev) | T19: mar | U19: mar (real) | V19: Diferença (mar) | W19: Comparativo (mar) | X19: abr | Y19: abr (real) | AA19: Diferença (abr) | AB19: Comparativo (abr) | AC19: mai | AE19: mai (real) | AF19: Diferença (mai) | AH19: Comparativo (mai) | AI19: jun | AJ19: jun (real) | AK19: Diferença (jun) | AL19: Comparativo (jun) | AM19: jul | AN19: jul (real) | AO19: Diferença (jul) | AP19: Comparativo (jul) | AQ19: ago | AR19: ago (real) | AS19: Diferença (ago) | AT19: Comparativo (ago) | AU19: set | AV19: set (real) | AW19: Diferença (set) | AX19: Comparativo (set) | AY19: out | AZ19: out (real) | BA19: Diferença (out) | BB19: Comparativo (out) | BC19: nov | BD19: nov (real) | BE19: Diferença (nov) | BF19: Comparativo (nov) | BG19: dez | BH19: dez (real) | BI19: Diferença (dez) | BJ19: Comparativo (dez) | BK19: 2026 (Projeção) | BL19: 2026 (Projeção Jun) | BM19: 2026 (Projeção até Jul) | BN19: 2026 (real) | BO19: 2026 (Projeção x Real) | BP19: 2025 | BQ19: -
B21: 4 | C21: ESFIHA IMIGRANTES | D21: =15000*12*4 -> 720000 | E21: 92 | F21: =E21*D21 -> 66240000 | G21: 1632825.8 | H21: 15759 | I21: 103.61227 | J21: % do mês no ano | L21: - | M21: - | N21: - | O21: Taxa | P21: - | Q21: - | R21: - | S21: Taxa | T21: - | V21: - | W21: Taxa | X21: - | AA21: - | AB21: Taxa | AC21: 0.01 | AE21: =AE22/(BK22-(L22+P22+T22+X22)) -> 1e-05 | AF21: - | AH21: Taxa | AI21: 0.05 | AJ21: 2.21975e-05 | AK21: - | AL21: Taxa | AM21: 0.1 | AN21: 0.0005073175 | AO21: - | AP21: Taxa | AQ21: 0.14 | AR21: =AR22/(BK22-(L22+P22+T22+X22)) -> 0 | AS21: - | AT21: Taxa | AU21: 0.15 | AV21: =AV22/(BK22-(L22+P22+T22+X22)) -> 0 | AW21: - | AX21: Taxa | AY21: 0.2 | AZ21: =AZ22/(BK22-(L22+P22+T22+X22)) -> 0 | BA21: - | BB21: Taxa | BC21: 0.2 | BD21: =BD22/(BK22-(L22+P22+T22+X22)) -> 0 | BE21: - | BF21: Taxa | BG21: 0.15 | BH21: =BH22/(BK22-(L22+P22+T22+X22)) -> 0 | BI21: - | BJ21: Taxa | BK21: =SUM(AC21,AI21,AM21,AQ21,AU21,AY21,BC21,BG21) -> 1 | BL21: =SUM(AC21,AI21) -> 0.06 | BM21: =SUM(T21,X21,AC21,AI21,AM21) -> 0.16 | BN21: =SUM(AE21,AJ21,AN21,AR21,AV21,AZ21,BD21,BH21) -> 0.000539515 | BP21: -
J22: GMV | L22: 0 | N22: =IFERROR(M22-L22,"-") -> 0 | O22: =IFERROR(M22/L22-1,"-") -> - | P22: 0 | R22: =IFERROR(Q22-P22,"-") -> 0 | S22: =IFERROR(Q22/P22-1,"-") -> - | T22: 0 | V22: =IFERROR(U22-T22,"-") -> 0 | W22: =IFERROR(U22/T22-1,"-") -> - | X22: 0 | AA22: =IFERROR(Y22-X22,"-") -> 0 | AB22: =IFERROR(Y22/X22-1,"-") -> - | AC22: =($BK$22-($L$22+$P$22+T22+X22))*AC21 -> 40000 | AE22: 40 | AF22: =IFERROR(AE22-AC22,"-") -> -39960 | AH22: =IFERROR(AE22/AC22-1,"-") -> -0.999 | AI22: =($BK$22-($L$22+$P$22+$T$22+$X$22))*AI21 -> 200000 | AK22: =IFERROR(AJ22-AI22,"-") -> -200000 | AL22: =IFERROR(AJ22/AI22-1,"-") -> -1 | AM22: =($BK$22-($L$22+$P$22+$T$22+$X$22))*AM21 -> 400000 | AN22: 2029.27 | AO22: =IFERROR(AN22-AM22,"-") -> -397970.73 | AP22: =IFERROR(AN22/AM22-1,"-") -> -0.99492682 | AQ22: =($BK$22-($L$22+$P$22+$T$22+$X$22))*AQ21 -> 560000 | AS22: =IFERROR(AR22-AQ22,"-") -> -560000 | AT22: =IFERROR(AR22/AQ22-1,"-") -> -1 | AU22: =($BK$22-($L$22+$P$22+$T$22+$X$22))*AU21 -> 600000 | AW22: =IFERROR(AV22-AU22,"-") -> -600000 | AX22: =IFERROR(AV22/AU22-1,"-") -> -1 | AY22: =($BK$22-($L$22+$P$22+$T$22+$X$22))*AY21 -> 800000 | BA22: =IFERROR(AZ22-AY22,"-") -> -800000 | BB22: =IFERROR(AZ22/AY22-1,"-") -> -1 | BC22: =($BK$22-($L$22+$P$22+$T$22+$X$22))*BC21 -> 800000 | BE22: =IFERROR(BD22-BC22,"-") -> -800000 | BF22: =IFERROR(BD22/BC22-1,"-") -> -1 | BG22: =($BK$22-($L$22+$P$22+$T$22+$X$22))*BG21 -> 600000 | BI22: =IFERROR(BH22-BG22,"-") -> -600000 | BJ22: =IFERROR(BH22/BG22-1,"-") -> -1 | BK22: 4000000 | BL22: =SUM(L22,P22,T22,X22,AC22,AI22) -> 240000 | BM22: =SUM(L22,P22,T22,X22,AC22,AI22,AM22) -> 640000 | BN22: =SUM(M22,Q22,U22,Y22,AE22,AJ22,AN22,AR22,AV22,AZ22,BD22,BH22) -> 2069.27 | BO22: =IFERROR(BN22/BK22-1,"-") -> -0.99948268 | BP22: - | BQ22: =IFERROR((BK22/BP22),"-") -> -
J23: Pedidos | L23: =L22/$K$24 -> 0 | N23: =IFERROR(M23-L23,"-") -> 0 | O23: =IFERROR(M23/L23-1,"-") -> - | P23: =P22/$K$24 -> 0 | R23: =IFERROR(Q23-P23,"-") -> 0 | S23: =IFERROR(Q23/P23-1,"-") -> - | T23: =T22/$K$24 -> 0 | V23: =IFERROR(U23-T23,"-") -> 0 | W23: =IFERROR(U23/T23-1,"-") -> - | X23: =X22/$K$24 -> 0 | AA23: =IFERROR(Y23-X23,"-") -> 0 | AB23: =IFERROR(Y23/X23-1,"-") -> - | AC23: =AC22/$K$24 -> 222.22222 | AE23: 2 | AF23: =IFERROR(AE23-AC23,"-") -> -220.22222 | AH23: =IFERROR(AE23/AC23-1,"-") -> -0.991 | AI23: =AI22/$K$24 -> 1111.1111 | AK23: =IFERROR(AJ23-AI23,"-") -> -1111.1111 | AL23: =IFERROR(AJ23/AI23-1,"-") -> -1 | AM23: =AM22/$K$24 -> 2222.2222 | AN23: 16 | AO23: =IFERROR(AN23-AM23,"-") -> -2206.2222 | AP23: =IFERROR(AN23/AM23-1,"-") -> -0.9928 | AQ23: =AQ22/$K$24 -> 3111.1111 | AS23: =IFERROR(AR23-AQ23,"-") -> -3111.1111 | AT23: =IFERROR(AR23/AQ23-1,"-") -> -1 | AU23: =AU22/$K$24 -> 3333.3333 | AW23: =IFERROR(AV23-AU23,"-") -> -3333.3333 | AX23: =IFERROR(AV23/AU23-1,"-") -> -1 | AY23: =AY22/$K$24 -> 4444.4444 | BA23: =IFERROR(AZ23-AY23,"-") -> -4444.4444 | BB23: =IFERROR(AZ23/AY23-1,"-") -> -1 | BC23: =BC22/$K$24 -> 4444.4444 | BE23: =IFERROR(BD23-BC23,"-") -> -4444.4444 | BF23: =IFERROR(BD23/BC23-1,"-") -> -1 | BG23: =BG22/$K$24 -> 3333.3333 | BI23: =IFERROR(BH23-BG23,"-") -> -3333.3333 | BJ23: =IFERROR(BH23/BG23-1,"-") -> -1 | BK23: =SUM(L23,P23,T23,X23,AC23,AI23,AM23,AQ23,AU23,AY23,BC23,BG23) -> 22222.222 | BL23: =SUM(L23,P23,T23,X23,AC23,AI23) -> 1333.3333 | BM23: =SUM(L23,P23,T23,X23,AC23,AI23,AM23) -> 3555.5556 | BN23: =SUM(M23,Q23,U23,Y23,AE23,AJ23,AN23,AR23,AV23,AZ23,BD23,BH23) -> 18 | BO23: =IFERROR(BN23/BK23-1,"-") -> -0.99919 | BP23: - | BQ23: =IFERROR((BK23/BP23),"-") -> -
J24: Ticket Médio | K24: 180 | L24: 180 | M24: =IFERROR(M22/M23,"-") -> - | N24: =IFERROR(M24-L24,"-") -> - | O24: =IFERROR(M24/L24-1,"-") -> - | P24: 180 | Q24: =IFERROR(Q22/Q23,"-") -> - | R24: =IFERROR(Q24-P24,"-") -> - | S24: =IFERROR(Q24/P24-1,"-") -> - | T24: 180 | U24: =IFERROR(U22/U23,"-") -> - | V24: =IFERROR(U24-T24,"-") -> - | W24: =IFERROR(U24/T24-1,"-") -> - | X24: 180 | Y24: =IFERROR(Y22/Y23,"-") -> - | AA24: =IFERROR(Y24-X24,"-") -> - | AB24: =IFERROR(Y24/X24-1,"-") -> - | AC24: =AC22/AC23 -> 180 | AE24: =IFERROR(AE22/AE23,"-") -> 20 | AF24: =IFERROR(AE24-AC24,"-") -> -160 | AH24: =IFERROR(AE24/AC24-1,"-") -> -0.88888889 | AI24: =AI22/AI23 -> 180 | AJ24: - | AK24: =IFERROR(AJ24-AI24,"-") -> - | AL24: =IFERROR(AJ24/AI24-1,"-") -> - | AM24: =AM22/AM23 -> 180 | AN24: 126.82937 | AO24: =IFERROR(AN24-AM24,"-") -> -53.170625 | AP24: =IFERROR(AN24/AM24-1,"-") -> -0.29539236 | AQ24: =AQ22/AQ23 -> 180 | AR24: =IFERROR(AR22/AR23,"-") -> - | AS24: =IFERROR(AR24-AQ24,"-") -> - | AT24: =IFERROR(AR24/AQ24-1,"-") -> - | AU24: =AU22/AU23 -> 180 | AV24: =IFERROR(AV22/AV23,"-") -> - | AW24: =IFERROR(AV24-AU24,"-") -> - | AX24: =IFERROR(AV24/AU24-1,"-") -> - | AY24: =AY22/AY23 -> 180 | AZ24: =IFERROR(AZ22/AZ23,"-") -> - | BA24: =IFERROR(AZ24-AY24,"-") -> - | BB24: =IFERROR(AZ24/AY24-1,"-") -> - | BC24: =BC22/BC23 -> 180 | BD24: =IFERROR(BD22/BD23,"-") -> - | BE24: =IFERROR(BD24-BC24,"-") -> - | BF24: =IFERROR(BD24/BC24-1,"-") -> - | BG24: =BG22/BG23 -> 180 | BH24: =IFERROR(BH22/BH23,"-") -> - | BI24: =IFERROR(BH24-BG24,"-") -> - | BJ24: =IFERROR(BH24/BG24-1,"-") -> - | BK24: =BK22/BK23 -> 180 | BL24: =IFERROR(BL22/BL23,"-") -> 180 | BM24: =IFERROR(BM22/BM23,"-") -> 180 | BN24: =IFERROR(BN22/BN23,"-") -> 114.95944 | BO24: =IFERROR(BN24/BK24-1,"-") -> -0.36133642
J25: Receita Hanzo | K25: 4.5 | L25: =$K$25*L23 -> 0 | M25: =$K$25*M23 -> 0 | N25: =IFERROR(M25-L25,"-") -> 0 | O25: =IFERROR(M25/L25-1,"-") -> - | P25: =$K$25*P23 -> 0 | Q25: =$K$25*Q23 -> 0 | R25: =IFERROR(Q25-P25,"-") -> 0 | S25: =IFERROR(Q25/P25-1,"-") -> - | T25: =$K$25*T23 -> 0 | U25: =$K$25*U23 -> 0 | V25: =IFERROR(U25-T25,"-") -> 0 | W25: =IFERROR(U25/T25-1,"-") -> - | X25: =$K$25*X23 -> 0 | Y25: =$K$25*Y23 -> 0 | AA25: =IFERROR(Y25-X25,"-") -> 0 | AB25: =IFERROR(Y25/X25-1,"-") -> - | AC25: =$K$25*AC23 -> 1000 | AE25: =$K$25*AE23 -> 9 | AF25: =IFERROR(AE25-AC25,"-") -> -991 | AH25: =IFERROR(AE25/AC25-1,"-") -> -0.991 | AI25: =$K$25*AI23 -> 5000 | AJ25: 0 | AK25: =IFERROR(AJ25-AI25,"-") -> -5000 | AL25: =IFERROR(AJ25/AI25-1,"-") -> -1 | AM25: =$K$25*AM23 -> 10000 | AN25: 72 | AO25: =IFERROR(AN25-AM25,"-") -> -9928 | AP25: =IFERROR(AN25/AM25-1,"-") -> -0.9928 | AQ25: =$K$25*AQ23 -> 14000 | AR25: =$K$25*AR23 -> 0 | AS25: =IFERROR(AR25-AQ25,"-") -> -14000 | AT25: =IFERROR(AR25/AQ25-1,"-") -> -1 | AU25: =$K$25*AU23 -> 15000 | AV25: =$K$25*AV23 -> 0 | AW25: =IFERROR(AV25-AU25,"-") -> -15000 | AX25: =IFERROR(AV25/AU25-1,"-") -> -1 | AY25: =$K$25*AY23 -> 20000 | AZ25: =$K$25*AZ23 -> 0 | BA25: =IFERROR(AZ25-AY25,"-") -> -20000 | BB25: =IFERROR(AZ25/AY25-1,"-") -> -1 | BC25: =$K$25*BC23 -> 20000 | BD25: =$K$25*BD23 -> 0 | BE25: =IFERROR(BD25-BC25,"-") -> -20000 | BF25: =IFERROR(BD25/BC25-1,"-") -> -1 | BG25: =$K$25*BG23 -> 15000 | BH25: =$K$25*BH23 -> 0 | BI25: =IFERROR(BH25-BG25,"-") -> -15000 | BJ25: =IFERROR(BH25/BG25-1,"-") -> -1 | BK25: =SUM(L25,P25,T25,X25,AC25,AI25,AM25,AQ25,AU25,AY25,BC25,BG25) -> 100000 | BL25: =SUM(L25,P25,T25,X25,AC25,AI25) -> 6000 | BM25: =SUM(L25,P25,T25,X25,AC25,AI25,AM25) -> 16000 | BN25: =SUM(M25,Q25,U25,Y25,AE25,AJ25,AN25,AR25,AV25,AZ25,BD25,BH25) -> 81 | BO25: =IFERROR(BN25/BK25-1,"-") -> -0.99919 | BP25: - | BQ25: =IFERROR((BK25/BP25),"-") -> -
J27: ESFIHA IMIGRANTES (4) | L27: jan | M27: jan (real) | N27: Diferença (jan) | O27: Comparativo (jan) | P27: fev | Q27: fev (real) | R27: Diferença (fev) | S27: Comparativo (fev) | T27: mar | U27: mar (real) | V27: Diferença (mar) | W27: Comparativo (mar) | X27: abr | Y27: abr (real) | AA27: Diferença (abr) | AB27: Comparativo (abr) | AC27: mai | AE27: mai (real) | AF27: Diferença (mai) | AH27: Comparativo (mai) | AI27: jun | AJ27: jun (real) | AK27: Diferença (jun) | AL27: Comparativo (jun) | AM27: jul | AN27: jul (real) | AO27: Diferença (jul) | AP27: Comparativo (jul) | AQ27: ago | AR27: ago (real) | AS27: Diferença (ago) | AT27: Comparativo (ago) | AU27: set | AV27: set (real) | AW27: Diferença (set) | AX27: Comparativo (set) | AY27: out | AZ27: out (real) | BA27: Diferença (out) | BB27: Comparativo (out) | BC27: nov | BD27: nov (real) | BE27: Diferença (nov) | BF27: Comparativo (nov) | BG27: dez | BH27: dez (real) | BI27: Diferença (dez) | BJ27: Comparativo (dez) | BK27: 2026 (Projeção) | BL27: 2026 (Projeção Jun) | BM27: 2026 (Projeção até Jul) | BN27: 2026 (real) | BO27: 2026 (Projeção x Real) | BP27: 2025
B29: 5 | C29: FROOTY | D29: =28*2*12 -> 672 | F29: =D29*35 -> 23520 | G29: 14.9 | H29: 1 | I29: 14.9 | J29: % do mês no ano | L29: - | M29: - | N29: - | O29: Taxa | P29: - | Q29: - | R29: - | S29: Taxa | T29: 0.03 | U29: =U30/(BK30-(L30 + P30)) -> 0.028796126 | V29: - | W29: Taxa | X29: 0.03 | Y29: =Y30/(BK30-(L30+P30)) -> 0.022408562 | AA29: - | AB29: Taxa | AC29: 0.05 | AE29: =AE30/(BK30-(L30+P30)) -> 0.02664966 | AF29: - | AH29: Taxa | AI29: 0.08 | AJ29: 0.026941763 | AK29: - | AL29: Taxa | AM29: 0.13 | AN29: 0.016667338 | AO29: - | AP29: Taxa | AQ29: 0.13 | AR29: =AR30/(BK30-(L30+P30)) -> 0 | AS29: - | AT29: Taxa | AU29: 0.13 | AV29: =AV30/(BK30-(L30+P30)) -> 0 | AW29: - | AX29: Taxa | AY29: 0.13 | AZ29: =AZ30/(BK30-(L30+P30)) -> 0 | BA29: - | BB29: Taxa | BC29: 0.16 | BD29: =BD30/(BK30-(L30+P30)) -> 0 | BE29: - | BF29: Taxa | BG29: 0.13 | BH29: =BH30/(BK30-(L30+P30)) -> 0 | BI29: - | BJ29: Taxa | BK29: =SUM(T29,X29,AC29,AI29,AM29,AQ29,AU29,AY29,BC29,BG29) -> 1 | BL29: =SUM(T29,X29,AC29,AI29) -> 0.19 | BM29: =SUM(T29,X29,AC29,AI29,AM29) -> 0.32 | BN29: =SUM(U29,Y29,AE29,AJ29,AN29,AR29,AV29,AZ29,BD29,BH29) -> 0.12146345 | BP29: -
J30: GMV | L30: 138541.22 | M30: 150043.78 | N30: =IFERROR(M30-L30,"-") -> 11502.56 | O30: =IFERROR(M30/L30-1,"-") -> 0.083026265 | P30: 119609 | Q30: 130221.82 | R30: =IFERROR(Q30-P30,"-") -> 10612.82 | S30: =IFERROR(Q30/P30-1,"-") -> 0.088729276 | T30: =($BK$30-($L$30+$P$30))*T29 -> 137728.38 | U30: 132201.46 | V30: =IFERROR(U30-T30,"-") -> -5526.9202 | W30: =IFERROR(U30/T30-1,"-") -> -0.040129131 | X30: =($BK$30-($L$30+$P$30))*X29 -> 137728.38 | Y30: 102876.5 | AA30: =IFERROR(Y30-X30,"-") -> -34851.88 | AB30: =IFERROR(Y30/X30-1,"-") -> -0.25304792 | AC30: =($BK$30-($L$30+$P$30))*AC29 -> 229547.3 | AE30: 122347.15 | AF30: =IFERROR(AE30-AC30,"-") -> -107200.15 | AH30: =IFERROR(AE30/AC30-1,"-") -> -0.4670068 | AI30: =($BK$30-($L$30+$P$30))*AI29 -> 367275.68 | AJ30: 123688.18 | AK30: =IFERROR(AJ30-AI30,"-") -> -243587.5 | AL30: =IFERROR(AJ30/AI30-1,"-") -> -0.66322796 | AM30: =($BK$30-($L$30+$P$30))*AM29 -> 596822.98 | AN30: 76518.85 | AO30: =IFERROR(AN30-AM30,"-") -> -520304.13 | AP30: =IFERROR(AN30/AM30-1,"-") -> -0.87178971 | AQ30: =($BK$30-($L$30+$P$30))*AQ29 -> 596822.98 | AS30: =IFERROR(AR30-AQ30,"-") -> -596822.98 | AT30: =IFERROR(AR30/AQ30-1,"-") -> -1 | AU30: =($BK$30-($L$30+$P$30))*AU29 -> 596822.98 | AW30: =IFERROR(AV30-AU30,"-") -> -596822.98 | AX30: =IFERROR(AV30/AU30-1,"-") -> -1 | AY30: =($BK$30-($L$30+$P$30))*AY29 -> 596822.98 | BA30: =IFERROR(AZ30-AY30,"-") -> -596822.98 | BB30: =IFERROR(AZ30/AY30-1,"-") -> -1 | BC30: =($BK$30-($L$30+$P$30))*BC29 -> 734551.36 | BE30: =IFERROR(BD30-BC30,"-") -> -734551.36 | BF30: =IFERROR(BD30/BC30-1,"-") -> -1 | BG30: =($BK$30-($L$30+$P$30))*BG29 -> 596822.98 | BI30: =IFERROR(BH30-BG30,"-") -> -596822.98 | BJ30: =IFERROR(BH30/BG30-1,"-") -> -1 | BK30: 4849096.2 | BL30: =SUM(L30,P30,T30,X30,AC30,AI30) -> 1130430 | BM30: =SUM(L30,P30,T30,X30,AC30,AI30,AM30) -> 1727252.9 | BN30: =SUM(M30,Q30,U30,Y30,AE30,AJ30,AN30,AR30,AV30,AZ30,BD30,BH30) -> 837897.74 | BO30: =IFERROR(BN30/BK30-1,"-") -> -0.82720538 | BP30: 1632825.8 | BQ30: =BK30/BP30-1 -> 1.9697572
J31: Pedidos | L31: =L30/$K$32 -> 1294.7778 | M31: 1236 | N31: =IFERROR(M31-L31,"-") -> -58.777757 | O31: =IFERROR(M31/L31-1,"-") -> -0.04539602 | P31: =P30/$K$32 -> 1117.8411 | Q31: 1061 | R31: =IFERROR(Q31-P31,"-") -> -56.841121 | S31: =IFERROR(Q31/P31-1,"-") -> -0.050849016 | T31: =T30/$K$32 -> 1287.1811 | U31: 1100 | V31: =IFERROR(U31-T31,"-") -> -187.18112 | W31: =IFERROR(U31/T31-1,"-") -> -0.14541941 | X31: =X30/$K$32 -> 1287.1811 | Y31: 881 | AA31: =IFERROR(Y31-X31,"-") -> -406.18112 | AB31: =IFERROR(Y31/X31-1,"-") -> -0.31555864 | AC31: =AC30/$K$32 -> 2145.3019 | AE31: 1012 | AF31: =IFERROR(AE31-AC31,"-") -> -1133.3019 | AH31: =IFERROR(AE31/AC31-1,"-") -> -0.52827152 | AI31: =AI30/$K$32 -> 3432.483 | AJ31: 1058 | AK31: =IFERROR(AJ31-AI31,"-") -> -2374.483 | AL31: =IFERROR(AJ31/AI31-1,"-") -> -0.69176832 | AM31: =AM30/$K$32 -> 5577.7849 | AN31: 665 | AO31: =IFERROR(AN31-AM31,"-") -> -4912.7849 | AP31: =IFERROR(AN31/AM31-1,"-") -> -0.88077704 | AQ31: =AQ30/$K$32 -> 5577.7849 | AS31: =IFERROR(AR31-AQ31,"-") -> -5577.7849 | AT31: =IFERROR(AR31/AQ31-1,"-") -> -1 | AU31: =AU30/$K$32 -> 5577.7849 | AW31: =IFERROR(AV31-AU31,"-") -> -5577.7849 | AX31: =IFERROR(AV31/AU31-1,"-") -> -1 | AY31: =AY30/$K$32 -> 5577.7849 | BA31: =IFERROR(AZ31-AY31,"-") -> -5577.7849 | BB31: =IFERROR(AZ31/AY31-1,"-") -> -1 | BC31: =BC30/$K$32 -> 6864.966 | BE31: =IFERROR(BD31-BC31,"-") -> -6864.966 | BF31: =IFERROR(BD31/BC31-1,"-") -> -1 | BG31: =BG30/$K$32 -> 5577.7849 | BI31: =IFERROR(BH31-BG31,"-") -> -5577.7849 | BJ31: =IFERROR(BH31/BG31-1,"-") -> -1 | BK31: =SUM(L31,P31,T31,X31,AC31,AI31,AM31,AQ31,AU31,AY31,BC31,BG31) -> 45318.656 | BL31: =SUM(L31,P31,T31,X31,AC31,AI31) -> 10564.766 | BM31: =SUM(L31,P31,T31,X31,AC31,AI31,AM31) -> 16142.551 | BN31: =SUM(M31,Q31,U31,Y31,AE31,AJ31,AN31,AR31,AV31,AZ31,BD31,BH31) -> 7013 | BO31: =IFERROR(BN31/BK31-1,"-") -> -0.84525137 | BP31: 15759 | BQ31: =BK31/BP31-1 -> 1.8757317
J32: Ticket Médio | K32: 107 | L32: =L30/L31 -> 107 | M32: =IFERROR(M30/M31,"-") -> 121.39464 | N32: =IFERROR(M32-L32,"-") -> 14.394644 | O32: =IFERROR(M32/L32-1,"-") -> 0.13452938 | P32: =IFERROR(P30/P31,"-") -> 107 | Q32: =IFERROR(Q30/Q31,"-") -> 122.73499 | R32: =IFERROR(Q32-P32,"-") -> 15.734986 | S32: =IFERROR(Q32/P32-1,"-") -> 0.14705594 | T32: =T30/T31 -> 107 | U32: =IFERROR(U30/U31,"-") -> 120.18315 | V32: =IFERROR(U32-T32,"-") -> 13.183145 | W32: =IFERROR(U32/T32-1,"-") -> 0.12320697 | X32: =IFERROR(X30/X31,"-") -> 107 | Y32: =IFERROR(Y30/Y31,"-") -> 116.77242 | AA32: =IFERROR(Y32-X32,"-") -> 9.7724177 | AB32: =IFERROR(Y32/X32-1,"-") -> 0.091331007 | AC32: =AC30/AC31 -> 107 | AE32: =IFERROR(AE30/AE31,"-") -> 120.89639 | AF32: =IFERROR(AE32-AC32,"-") -> 13.896393 | AH32: =IFERROR(AE32/AC32-1,"-") -> 0.12987283 | AI32: =AI30/AI31 -> 107 | AJ32: 116.90754 | AK32: =IFERROR(AJ32-AI32,"-") -> 9.9075425 | AL32: =IFERROR(AJ32/AI32-1,"-") -> 0.092593855 | AM32: =AM30/AM31 -> 107 | AN32: 115.06594 | AO32: =IFERROR(AN32-AM32,"-") -> 8.0659398 | AP32: =IFERROR(AN32/AM32-1,"-") -> 0.075382615 | AQ32: =AQ30/AQ31 -> 107 | AR32: =IFERROR(AR30/AR31,"-") -> - | AS32: =IFERROR(AR32-AQ32,"-") -> - | AT32: =IFERROR(AR32/AQ32-1,"-") -> - | AU32: =AU30/AU31 -> 107 | AV32: =IFERROR(AV30/AV31,"-") -> - | AW32: =IFERROR(AV32-AU32,"-") -> - | AX32: =IFERROR(AV32/AU32-1,"-") -> - | AY32: =AY30/AY31 -> 107 | AZ32: =IFERROR(AZ30/AZ31,"-") -> - | BA32: =IFERROR(AZ32-AY32,"-") -> - | BB32: =IFERROR(AZ32/AY32-1,"-") -> - | BC32: =BC30/BC31 -> 107 | BD32: =IFERROR(BD30/BD31,"-") -> - | BE32: =IFERROR(BD32-BC32,"-") -> - | BF32: =IFERROR(BD32/BC32-1,"-") -> - | BG32: =BG30/BG31 -> 107 | BH32: =IFERROR(BH30/BH31,"-") -> - | BI32: =IFERROR(BH32-BG32,"-") -> - | BJ32: =IFERROR(BH32/BG32-1,"-") -> - | BK32: =BK30/BK31 -> 107 | BL32: =IFERROR(BL30/BL31,"-") -> 107 | BM32: =IFERROR(BM30/BM31,"-") -> 107 | BN32: =BN30/BN31 -> 119.47779 | BO32: =IFERROR(BN32/BK32-1,"-") -> 0.11661486 | BP32: =BP30/BP31 -> 103.61227 | BQ32: =BK32/BP32-1 -> 0.032696201
J33: Receita Hanzo | K33: 0.039 | L33: =IF(L31=0, 0, (L30/L31) * ( MIN(L31, 1000) * 0.049 + MAX(0, MIN(L31, 2500) - 1000) * 0.039 + MAX(0, MIN(L31, 5000) - 2500) * 0.032 + MAX(0, L31 - 5000) * 0.029 )) -> 6473.1076 | M33: =IF(M31=0, 0, (M30/M31) * ( MIN(M31, 1000) * 0.049 + MAX(0, MIN(M31, 2500) - 1000) * 0.039 + MAX(0, MIN(M31, 5000) - 2500) * 0.032 + MAX(0, M31 - 5000) * 0.029 )) -> 7065.6539 | N33: =IFERROR(M33-L33,"-") -> 592.54628 | O33: =IFERROR(M33/L33-1,"-") -> 0.091539693 | P33: =IF(P31=0, 0, (P30/P31) * ( MIN(P31, 1000) * 0.049 + MAX(0, MIN(P31, 2500) - 1000) * 0.039 + MAX(0, MIN(P31, 5000) - 2500) * 0.032 + MAX(0, P31 - 5000) * 0.029 )) -> 5734.751 | Q33: =IF(Q31=0, 0, (Q30/Q31) * ( MIN(Q31, 1000) * 0.049 + MAX(0, MIN(Q31, 2500) - 1000) * 0.039 + MAX(0, MIN(Q31, 5000) - 2500) * 0.032 + MAX(0, Q31 - 5000) * 0.029 )) -> 6306.0008 | R33: =IFERROR(Q33-P33,"-") -> 571.24984 | S33: =IFERROR(Q33/P33-1,"-") -> 0.099611969 | T33: =IF(T31=0, 0, (T30/T31) * ( MIN(T31, 1000) * 0.049 + MAX(0, MIN(T31, 2500) - 1000) * 0.039 + MAX(0, MIN(T31, 5000) - 2500) * 0.032 + MAX(0, T31 - 5000) * 0.029 )) -> 6441.4068 | U33: =IF(U31=0, 0, (U30/U31) * ( MIN(U31, 1000) * 0.049 + MAX(0, MIN(U31, 2500) - 1000) * 0.039 + MAX(0, MIN(U31, 5000) - 2500) * 0.032 + MAX(0, U31 - 5000) * 0.029 )) -> 6357.6884 | V33: =IFERROR(U33-T33,"-") -> -83.718432 | W33: =IFERROR(U33/T33-1,"-") -> -0.012996917 | X33: =IF(X31=0, 0, (X30/X31) * ( MIN(X31, 1000) * 0.049 + MAX(0, MIN(X31, 2500) - 1000) * 0.039 + MAX(0, MIN(X31, 5000) - 2500) * 0.032 + MAX(0, X31 - 5000) * 0.029 )) -> 6441.4068 | Y33: =IF(Y31=0, 0, (Y30/Y31) * ( MIN(Y31, 1000) * 0.049 + MAX(0, MIN(Y31, 2500) - 1000) * 0.039 + MAX(0, MIN(Y31, 5000) - 2500) * 0.032 + MAX(0, Y31 - 5000) * 0.029 )) -> 5040.9485 | AA33: =IFERROR(Y33-X33,"-") -> -1400.4583 | AB33: =IFERROR(Y33/X33-1,"-") -> -0.21741498 | AC33: =IF(AC31=0, 0, (AC30/AC31) * ( MIN(AC31, 1000) * 0.049 + MAX(0, MIN(AC31, 2500) - 1000) * 0.039 + MAX(0, MIN(AC31, 5000) - 2500) * 0.032 + MAX(0, AC31 - 5000) * 0.029 )) -> 10022.345 | AE33: =IF(AE31=0, 0, (AE30/AE31) * ( MIN(AE31, 1000) * 0.049 + MAX(0, MIN(AE31, 2500) - 1000) * 0.039 + MAX(0, MIN(AE31, 5000) - 2500) * 0.032 + MAX(0, AE31 - 5000) * 0.029 )) -> 5980.5028 | AF33: =IFERROR(AE33-AC33,"-") -> -4041.8419 | AH33: =IFERROR(AE33/AC33-1,"-") -> -0.40328307 | AI33: =IF(AI31=0, 0, (AI30/AI31) * ( MIN(AI31, 1000) * 0.049 + MAX(0, MIN(AI31, 2500) - 1000) * 0.039 + MAX(0, MIN(AI31, 5000) - 2500) * 0.032 + MAX(0, AI31 - 5000) * 0.029 )) -> 14695.322 | AJ33: 5992.9144 | AK33: =IFERROR(AJ33-AI33,"-") -> -8702.4073 | AL33: =IFERROR(AJ33/AI33-1,"-") -> -0.59218896 | AM33: =IF(AM31=0, 0, (AM30/AM31) * ( MIN(AM31, 1000) * 0.049 + MAX(0, MIN(AM31, 2500) - 1000) * 0.039 + MAX(0, MIN(AM31, 5000) - 2500) * 0.032 + MAX(0, AM31 - 5000) * 0.029 )) -> 21855.366 | AN33: 3749.4237 | AO33: =IFERROR(AN33-AM33,"-") -> -18105.943 | AP33: =IFERROR(AN33/AM33-1,"-") -> -0.8284438 | AQ33: =IF(AQ31=0, 0, (AQ30/AQ31) * ( MIN(AQ31, 1000) * 0.049 + MAX(0, MIN(AQ31, 2500) - 1000) * 0.039 + MAX(0, MIN(AQ31, 5000) - 2500) * 0.032 + MAX(0, AQ31 - 5000) * 0.029 )) -> 21855.366 | AR33: =IF(AR31=0, 0, (AR30/AR31) * ( MIN(AR31, 1000) * 0.049 + MAX(0, MIN(AR31, 2500) - 1000) * 0.039 + MAX(0, MIN(AR31, 5000) - 2500) * 0.032 + MAX(0, AR31 - 5000) * 0.029 )) -> 0 | AS33: =IFERROR(AR33-AQ33,"-") -> -21855.366 | AT33: =IFERROR(AR33/AQ33-1,"-") -> -1 | AU33: =IF(AU31=0, 0, (AU30/AU31) * ( MIN(AU31, 1000) * 0.049 + MAX(0, MIN(AU31, 2500) - 1000) * 0.039 + MAX(0, MIN(AU31, 5000) - 2500) * 0.032 + MAX(0, AU31 - 5000) * 0.029 )) -> 21855.366 | AV33: =IF(AV31=0, 0, (AV30/AV31) * ( MIN(AV31, 1000) * 0.049 + MAX(0, MIN(AV31, 2500) - 1000) * 0.039 + MAX(0, MIN(AV31, 5000) - 2500) * 0.032 + MAX(0, AV31 - 5000) * 0.029 )) -> 0 | AW33: =IFERROR(AV33-AU33,"-") -> -21855.366 | AX33: =IFERROR(AV33/AU33-1,"-") -> -1 | AY33: =IF(AY31=0, 0, (AY30/AY31) * ( MIN(AY31, 1000) * 0.049 + MAX(0, MIN(AY31, 2500) - 1000) * 0.039 + MAX(0, MIN(AY31, 5000) - 2500) * 0.032 + MAX(0, AY31 - 5000) * 0.029 )) -> 21855.366 | AZ33: =IF(AZ31=0, 0, (AZ30/AZ31) * ( MIN(AZ31, 1000) * 0.049 + MAX(0, MIN(AZ31, 2500) - 1000) * 0.039 + MAX(0, MIN(AZ31, 5000) - 2500) * 0.032 + MAX(0, AZ31 - 5000) * 0.029 )) -> 0 | BA33: =IFERROR(AZ33-AY33,"-") -> -21855.366 | BB33: =IFERROR(AZ33/AY33-1,"-") -> -1 | BC33: =IF(BC31=0, 0, (BC30/BC31) * ( MIN(BC31, 1000) * 0.049 + MAX(0, MIN(BC31, 2500) - 1000) * 0.039 + MAX(0, MIN(BC31, 5000) - 2500) * 0.032 + MAX(0, BC31 - 5000) * 0.029 )) -> 25849.489 | BD33: =IF(BD31=0, 0, (BD30/BD31) * ( MIN(BD31, 1000) * 0.049 + MAX(0, MIN(BD31, 2500) - 1000) * 0.039 + MAX(0, MIN(BD31, 5000) - 2500) * 0.032 + MAX(0, BD31 - 5000) * 0.029 )) -> 0 | BE33: =IFERROR(BD33-BC33,"-") -> -25849.489 | BF33: =IFERROR(BD33/BC33-1,"-") -> -1 | BG33: =IF(BG31=0, 0, (BG30/BG31) * ( MIN(BG31, 1000) * 0.049 + MAX(0, MIN(BG31, 2500) - 1000) * 0.039 + MAX(0, MIN(BG31, 5000) - 2500) * 0.032 + MAX(0, BG31 - 5000) * 0.029 )) -> 21855.366 | BH33: =IF(BH31=0, 0, (BH30/BH31) * ( MIN(BH31, 1000) * 0.049 + MAX(0, MIN(BH31, 2500) - 1000) * 0.039 + MAX(0, MIN(BH31, 5000) - 2500) * 0.032 + MAX(0, BH31 - 5000) * 0.029 )) -> 0 | BI33: =IFERROR(BH33-BG33,"-") -> -21855.366 | BJ33: =IFERROR(BH33/BG33-1,"-") -> -1 | BK33: =SUM(L33,P33,T33,X33,AC33,AI33,AM33,AQ33,AU33,AY33,BC33,BG33) -> 184934.66 | BL33: =SUM(L33,P33,T33,X33,AC33,AI33) -> 49808.339 | BM33: =SUM(L33,P33,T33,X33,AC33,AI33,AM33) -> 71663.705 | BN33: =SUM(M33,Q33,U33,Y33,AE33,AJ33,AN33,AR33,AV33,AZ33,BD33,BH33) -> 40493.132 | BO33: =IFERROR(BN33/BK33-1,"-") -> -0.78104087 | BP33: =BP30*0.39 -> 636802.06 | BQ33: =BK33/BP33 -> 0.29041153
J35: FROOTY (2) | L35: jan | M35: jan (real) | N35: Diferença (jan) | O35: Comparativo (jan) | P35: fev | Q35: fev (real) | R35: Diferença (fev) | S35: Comparativo (fev) | T35: mar | U35: mar (real) | V35: Diferença (mar) | W35: Comparativo (mar) | X35: abr | Y35: abr (real) | AA35: Diferença (abr) | AB35: Comparativo (abr) | AC35: mai | AE35: mai (real) | AF35: Diferença (mai) | AH35: Comparativo (mai) | AI35: jun | AJ35: jun (real) | AK35: Diferença (jun) | AL35: Comparativo (jun) | AM35: jul | AN35: jul (real) | AO35: Diferença (jul) | AP35: Comparativo (jul) | AQ35: ago | AR35: ago (real) | AS35: Diferença (ago) | AT35: Comparativo (ago) | AU35: set | AV35: set (real) | AW35: Diferença (set) | AX35: Comparativo (set) | AY35: out | AZ35: out (real) | BA35: Diferença (out) | BB35: Comparativo (out) | BC35: nov | BD35: nov (real) | BE35: Diferença (nov) | BF35: Comparativo (nov) | BG35: dez | BH35: dez (real) | BI35: Diferença (dez) | BJ35: Comparativo (dez) | BK35: 2026 (Projeção) | BL35: 2026 (Projeção Jun) | BM35: 2026 (Projeção até Jul) | BN35: 2026 (real) | BO35: 2026 (Projeção x Real) | BP35: 2025 | BQ35: -
B37: 6 | C37: GULA GULA | D37: =17000*12 -> 204000 | E37: 170 | F37: =E37*D37 -> 34680000 | G37: 368854.14 | H37: 5074 | I37: 72.694943 | J37: % do mês no ano | L37: - | M37: - | N37: - | O37: Taxa | P37: - | Q37: - | R37: - | S37: Taxa | U37: - | V37: - | W37: Taxa | Y37: - | AA37: - | AB37: Taxa | AC37: 0.02 | AE37: =AE38/(BK38-(L38+P38+T38+X38)) -> 0 | AF37: - | AH37: Taxa | AI37: 0.04 | AJ37: 0 | AK37: - | AL37: Taxa | AM37: 0.07 | AN37: 0 | AO37: - | AP37: Taxa | AQ37: 0.11 | AR37: =AR38/(BK38-(L38+P38+T38+X38)) -> 0 | AS37: - | AT37: Taxa | AU37: 0.15 | AV37: =AV38/(BK38-(L38+P38+T38+X38)) -> 0 | AW37: - | AX37: Taxa | AY37: 0.2 | AZ37: =AZ38/(BK38-(L38+P38+T38+X38)) -> 0 | BA37: - | BB37: Taxa | BC37: 0.2 | BD37: =BD38/(BK38-(L38+P38+T38+X38)) -> 0 | BE37: - | BF37: Taxa | BG37: 0.21 | BH37: =BH38/(BK38-(L38+P38+T38+X38)) -> 0 | BI37: - | BJ37: Taxa | BK37: =SUM(AC37,AI37,AM37,AQ37,AU37,AY37,BC37,BG37) -> 1 | BL37: =SUM(AC37,AI37) -> 0.06 | BM37: =SUM(T37,X37,AC37,AI37,AM37) -> 0.13 | BN37: =SUM(AE37,AJ37,AN37,AR37,AV37,AZ37,BD37,BH37) -> 0 | BP37: -
J38: GMV | L38: 0 | M38: 232.36 | N38: =IFERROR(M38-L38,"-") -> 232.36 | O38: =IFERROR(M38/L38-1,"-") -> - | P38: 0 | Q38: 367.46 | R38: =IFERROR(Q38-P38,"-") -> 367.46 | S38: =IFERROR(Q38/P38-1,"-") -> - | T38: =($BK$38-($L$38+$P$38))*T37 -> 0 | U38: 177.46 | V38: =IFERROR(U38-T38,"-") -> 177.46 | W38: =IFERROR(U38/T38-1,"-") -> - | X38: =($BK$38-($L$38+$P$38))*X37 -> 0 | Y38: 82.24 | AA38: =IFERROR(Y38-X38,"-") -> 82.24 | AB38: =IFERROR(Y38/X38-1,"-") -> - | AC38: =($BK$38-($L$38+$P$38+$T$38+$X$38))*AC37 -> 1000 | AF38: =IFERROR(AE38-AC38,"-") -> -1000 | AH38: =IFERROR(AE38/AC38-1,"-") -> -1 | AI38: =($BK$38-($L$38+$P$38))*AI37 -> 2000 | AJ38: 0 | AK38: =IFERROR(AJ38-AI38,"-") -> -2000 | AL38: =IFERROR(AJ38/AI38-1,"-") -> -1 | AM38: =($BK$38-($L$38+$P$38))*AM37 -> 3500 | AN38: 0 | AO38: =IFERROR(AN38-AM38,"-") -> -3500 | AP38: =IFERROR(AN38/AM38-1,"-") -> -1 | AQ38: =($BK$38-($L$38+$P$38))*AQ37 -> 5500 | AS38: =IFERROR(AR38-AQ38,"-") -> -5500 | AT38: =IFERROR(AR38/AQ38-1,"-") -> -1 | AU38: =($BK$38-($L$38+$P$38))*AU37 -> 7500 | AW38: =IFERROR(AV38-AU38,"-") -> -7500 | AX38: =IFERROR(AV38/AU38-1,"-") -> -1 | AY38: =($BK$38-($L$38+$P$38))*AY37 -> 10000 | BA38: =IFERROR(AZ38-AY38,"-") -> -10000 | BB38: =IFERROR(AZ38/AY38-1,"-") -> -1 | BC38: =($BK$38-($L$38+$P$38))*BC37 -> 10000 | BE38: =IFERROR(BD38-BC38,"-") -> -10000 | BF38: =IFERROR(BD38/BC38-1,"-") -> -1 | BG38: =($BK$38-($L$38+$P$38))*BG37 -> 10500 | BI38: =IFERROR(BH38-BG38,"-") -> -10500 | BJ38: =IFERROR(BH38/BG38-1,"-") -> -1 | BK38: 50000 | BL38: =SUM(L38,P38,T38,X38,AC38,AI38) -> 3000 | BM38: =SUM(L38,P38,T38,X38,AC38,AI38,AM38) -> 6500 | BN38: =SUM(M38,Q38,U38,Y38,AE38,AJ38,AN38,AR38,AV38,AZ38,BD38,BH38) -> 859.52 | BO38: =IFERROR(BN38/BK38-1,"-") -> -0.9828096 | BP38: - | BQ38: =IFERROR((BK38/BP38),"-") -> -
J39: Pedidos | L39: =L38/$K$40 -> 0 | M39: 16 | N39: =IFERROR(M39-L39,"-") -> 16 | O39: =IFERROR(M39/L39-1,"-") -> - | P39: =P38/$K$40 -> 0 | Q39: 122 | R39: =IFERROR(Q39-P39,"-") -> 122 | S39: =IFERROR(Q39/P39-1,"-") -> - | T39: =T38/$K$40 -> 0 | U39: 31 | V39: =IFERROR(U39-T39,"-") -> 31 | W39: =IFERROR(U39/T39-1,"-") -> - | X39: =X38/$K$40 -> 0 | Y39: 2 | AA39: =IFERROR(Y39-X39,"-") -> 2 | AB39: =IFERROR(Y39/X39-1,"-") -> - | AC39: =AC38/$K$40 -> 16.666667 | AF39: =IFERROR(AE39-AC39,"-") -> -16.666667 | AH39: =IFERROR(AE39/AC39-1,"-") -> -1 | AI39: =AI38/$K$40 -> 33.333333 | AJ39: 0 | AK39: =IFERROR(AJ39-AI39,"-") -> -33.333333 | AL39: =IFERROR(AJ39/AI39-1,"-") -> -1 | AM39: =AM38/$K$40 -> 58.333333 | AN39: 0 | AO39: =IFERROR(AN39-AM39,"-") -> -58.333333 | AP39: =IFERROR(AN39/AM39-1,"-") -> -1 | AQ39: =AQ38/$K$40 -> 91.666667 | AS39: =IFERROR(AR39-AQ39,"-") -> -91.666667 | AT39: =IFERROR(AR39/AQ39-1,"-") -> -1 | AU39: =AU38/$K$40 -> 125 | AW39: =IFERROR(AV39-AU39,"-") -> -125 | AX39: =IFERROR(AV39/AU39-1,"-") -> -1 | AY39: =AY38/$K$40 -> 166.66667 | BA39: =IFERROR(AZ39-AY39,"-") -> -166.66667 | BB39: =IFERROR(AZ39/AY39-1,"-") -> -1 | BC39: =BC38/$K$40 -> 166.66667 | BE39: =IFERROR(BD39-BC39,"-") -> -166.66667 | BF39: =IFERROR(BD39/BC39-1,"-") -> -1 | BG39: =BG38/$K$40 -> 175 | BI39: =IFERROR(BH39-BG39,"-") -> -175 | BJ39: =IFERROR(BH39/BG39-1,"-") -> -1 | BK39: =SUM(L39,P39,T39,X39,AC39,AI39,AM39,AQ39,AU39,AY39,BC39,BG39) -> 833.33333 | BL39: =SUM(L39,P39,T39,X39,AC39,AI39) -> 50 | BM39: =SUM(L39,P39,T39,X39,AC39,AI39,AM39) -> 108.33333 | BN39: =SUM(M39,Q39,U39,Y39,AE39,AJ39,AN39,AR39,AV39,AZ39,BD39,BH39) -> 171 | BO39: =IFERROR(BN39/BK39-1,"-") -> -0.7948 | BP39: - | BQ39: =IFERROR((BK39/BP39),"-") -> - | CE39: l
J40: Ticket Médio | K40: 60 | L40: 60 | M40: =IFERROR(M38/M39,"-") -> 14.5225 | N40: =IFERROR(M40-L40,"-") -> -45.4775 | O40: =IFERROR(M40/L40-1,"-") -> -0.75795833 | P40: 60 | Q40: =IFERROR(Q38/Q39,"-") -> 3.0119672 | R40: =IFERROR(Q40-P40,"-") -> -56.988033 | S40: =IFERROR(Q40/P40-1,"-") -> -0.94980055 | T40: 60 | U40: =IFERROR(U38/U39,"-") -> 5.7245161 | V40: =IFERROR(U40-T40,"-") -> -54.275484 | W40: =IFERROR(U40/T40-1,"-") -> -0.9045914 | X40: 60 | Y40: =Y38/Y39 -> 41.12 | AA40: =IFERROR(Y40-X40,"-") -> -18.88 | AB40: =IFERROR(Y40/X40-1,"-") -> -0.31466667 | AC40: =AC38/AC39 -> 60 | AE40: =IFERROR(AE38/AE39,"-") -> - | AF40: =IFERROR(AE40-AC40,"-") -> - | AH40: =IFERROR(AE40/AC40-1,"-") -> - | AI40: =AI38/AI39 -> 60 | AJ40: - | AK40: =IFERROR(AJ40-AI40,"-") -> - | AL40: =IFERROR(AJ40/AI40-1,"-") -> - | AM40: =AM38/AM39 -> 60 | AN40: - | AO40: =IFERROR(AN40-AM40,"-") -> - | AP40: =IFERROR(AN40/AM40-1,"-") -> - | AQ40: =AQ38/AQ39 -> 60 | AR40: =IFERROR(AR38/AR39,"-") -> - | AS40: =IFERROR(AR40-AQ40,"-") -> - | AT40: =IFERROR(AR40/AQ40-1,"-") -> - | AU40: =AU38/AU39 -> 60 | AV40: =IFERROR(AV38/AV39,"-") -> - | AW40: =IFERROR(AV40-AU40,"-") -> - | AX40: =IFERROR(AV40/AU40-1,"-") -> - | AY40: =AY38/AY39 -> 60 | AZ40: =IFERROR(AZ38/AZ39,"-") -> - | BA40: =IFERROR(AZ40-AY40,"-") -> - | BB40: =IFERROR(AZ40/AY40-1,"-") -> - | BC40: =BC38/BC39 -> 60 | BD40: =IFERROR(BD38/BD39,"-") -> - | BE40: =IFERROR(BD40-BC40,"-") -> - | BF40: =IFERROR(BD40/BC40-1,"-") -> - | BG40: =BG38/BG39 -> 60 | BH40: =IFERROR(BH38/BH39,"-") -> - | BI40: =IFERROR(BH40-BG40,"-") -> - | BJ40: =IFERROR(BH40/BG40-1,"-") -> - | BK40: =BK38/BK39 -> 60 | BL40: =IFERROR(BL38/BL39,"-") -> 60 | BM40: =IFERROR(BM38/BM39,"-") -> 60 | BN40: =BN38/BN39 -> 5.0264327 | BO40: =IFERROR(BN40/BK40-1,"-") -> -0.91622612
J41: Receita Hanzo | K41: 0.049 | L41: =L38*$K$41 -> 0 | M41: =M38*$K$41 -> 11.38564 | N41: =IFERROR(M41-L41,"-") -> 11.38564 | O41: =IFERROR(M41/L41-1,"-") -> - | P41: =P38*$K$41 -> 0 | Q41: =Q38*$K$41 -> 18.00554 | R41: =IFERROR(Q41-P41,"-") -> 18.00554 | S41: =IFERROR(Q41/P41-1,"-") -> - | T41: =T38*$K$41 -> 0 | U41: =U38*$K$41 -> 8.69554 | V41: =IFERROR(U41-T41,"-") -> 8.69554 | W41: =IFERROR(U41/T41-1,"-") -> - | X41: =X38*$K$41 -> 0 | Y41: =Y38*$K$41 -> 4.02976 | AA41: =IFERROR(Y41-X41,"-") -> 4.02976 | AB41: =IFERROR(Y41/X41-1,"-") -> - | AC41: =AC38*$K$41 -> 49 | AE41: =AE38*$K$41 -> 0 | AF41: =IFERROR(AE41-AC41,"-") -> -49 | AH41: =IFERROR(AE41/AC41-1,"-") -> -1 | AI41: =AI38*$K$41 -> 98 | AJ41: 0 | AK41: =IFERROR(AJ41-AI41,"-") -> -98 | AL41: =IFERROR(AJ41/AI41-1,"-") -> -1 | AM41: =AM38*$K$41 -> 171.5 | AN41: 0 | AO41: =IFERROR(AN41-AM41,"-") -> -171.5 | AP41: =IFERROR(AN41/AM41-1,"-") -> -1 | AQ41: =AQ38*$K$41 -> 269.5 | AR41: =AR38*$K$41 -> 0 | AS41: =IFERROR(AR41-AQ41,"-") -> -269.5 | AT41: =IFERROR(AR41/AQ41-1,"-") -> -1 | AU41: =AU38*$K$41 -> 367.5 | AV41: =AV38*$K$41 -> 0 | AW41: =IFERROR(AV41-AU41,"-") -> -367.5 | AX41: =IFERROR(AV41/AU41-1,"-") -> -1 | AY41: =AY38*$K$41 -> 490 | AZ41: =AZ38*$K$41 -> 0 | BA41: =IFERROR(AZ41-AY41,"-") -> -490 | BB41: =IFERROR(AZ41/AY41-1,"-") -> -1 | BC41: =BC38*$K$41 -> 490 | BD41: =BD38*$K$41 -> 0 | BE41: =IFERROR(BD41-BC41,"-") -> -490 | BF41: =IFERROR(BD41/BC41-1,"-") -> -1 | BG41: =BG38*$K$41 -> 514.5 | BH41: =BH38*$K$41 -> 0 | BI41: =IFERROR(BH41-BG41,"-") -> -514.5 | BJ41: =IFERROR(BH41/BG41-1,"-") -> -1 | BK41: =SUM(L41,P41,T41,X41,AC41,AI41,AM41,AQ41,AU41,AY41,BC41,BG41) -> 2450 | BL41: =SUM(L41,P41,T41,X41,AC41,AI41) -> 147 | BM41: =SUM(L41,P41,T41,X41,AC41,AI41,AM41) -> 318.5 | BN41: =SUM(M41,Q41,U41,Y41,AE41,AJ41,AN41,AR41,AV41,AZ41,BD41,BH41) -> 42.11648 | BO41: =IFERROR(BN41/BK41-1,"-") -> -0.9828096 | BP41: - | BQ41: =IFERROR((BK41/BP41),"-") -> -
J43: GULA GULA (10) | L43: jan | M43: jan (real) | N43: Diferença (jan) | O43: Comparativo (jan) | P43: fev | Q43: fev (real) | R43: Diferença (fev) | S43: Comparativo (fev) | T43: mar | U43: mar (real) | V43: Diferença (mar) | W43: Comparativo (mar) | X43: abr | Y43: abr (real) | AA43: Diferença (abr) | AB43: Comparativo (abr) | AC43: mai | AE43: mai (real) | AF43: Diferença (mai) | AH43: Comparativo (mai) | AI43: jun | AJ43: jun (real) | AK43: Diferença (jun) | AL43: Comparativo (jun) | AM43: jul | AN43: jul (real) | AO43: Diferença (jul) | AP43: Comparativo (jul) | AQ43: ago | AR43: ago (real) | AS43: Diferença (ago) | AT43: Comparativo (ago) | AU43: set | AV43: set (real) | AW43: Diferença (set) | AX43: Comparativo (set) | AY43: out | AZ43: out (real) | BA43: Diferença (out) | BB43: Comparativo (out) | BC43: nov | BD43: nov (real) | BE43: Diferença (nov) | BF43: Comparativo (nov) | BG43: dez | BH43: dez (real) | BI43: Diferença (dez) | BJ43: Comparativo (dez) | BK43: 2026 (Projeção) | BL43: 2026 (Projeção Jun) | BM43: 2026 (Projeção até Jul) | BN43: 2026 (real) | BO43: 2026 (Projeção x Real) | BP43: 2025
B45: 7 | C45: ITAL'IN HOUSE | J45: Repres. do mês no ano | L45: - | M45: - | N45: - | O45: Taxa | P45: - | Q45: - | R45: - | S45: Taxa | T45: 0.04 | U45: =U46/(BK46-(L46 + P46)) -> 0.051817743 | V45: - | W45: Taxa | X45: 0.05 | Y45: =Y46/(BK46-(L46+P46)) -> 0.037280231 | AA45: - | AB45: Taxa | AC45: 0.05 | AE45: =AE46/(BK46-(L46+P46)) -> 0.052521072 | AF45: - | AH45: Taxa | AI45: 0.08 | AJ45: 0.05844962 | AK45: - | AL45: Taxa | AM45: 0.08 | AN45: 0.026801088 | AO45: - | AP45: Taxa | AQ45: 0.08 | AR45: =AR46/(BK46-(L46+P46)) -> 0 | AS45: - | AT45: Taxa | AU45: 0.13 | AV45: =AV46/(BK46-(L46+P46)) -> 0 | AW45: - | AX45: Taxa | AY45: 0.13 | AZ45: =AZ46/(BK46-(L46+P46)) -> 0 | BA45: - | BB45: Taxa | BC45: 0.23 | BD45: =BD46/(BK46-(L46+P46)) -> 0 | BE45: - | BF45: Taxa | BG45: 0.13 | BH45: =BH46/(BK46-(L46+P46)) -> 0 | BI45: - | BJ45: Taxa | BK45: =SUM(T45,X45,AC45,AI45,AM45,AQ45,AU45,AY45,BC45,BG45) -> 1 | BL45: =SUM(T45,X45,AC45,AI45) -> 0.22 | BM45: =SUM(T45,X45,AC45,AI45,AM45) -> 0.3 | BN45: =SUM(U45,Y45,AE45,AJ45,AN45,AR45,AV45,AZ45,BD45,BH45) -> 0.22686975 | BP45: -
J46: GMV | L46: 60057 | M46: 45206.81 | N46: =IFERROR(M46-L46,"-") -> -14850.19 | O46: =IFERROR(M46/L46-1,"-") -> -0.24726826 | P46: 44180 | Q46: 42436.91 | R46: =IFERROR(Q46-P46,"-") -> -1743.09 | S46: =IFERROR(Q46/P46-1,"-") -> -0.039454278 | T46: =($BK$46-($L$46+$P$46))*T45 -> 46989.719 | U46: 60872.53 | V46: =IFERROR(U46-T46,"-") -> 13882.811 | W46: =IFERROR(U46/T46-1,"-") -> 0.29544358 | X46: =($BK$46-($L$46+$P$46))*X45 -> 58737.149 | Y46: 43794.69 | AA46: =IFERROR(Y46-X46,"-") -> -14942.459 | AB46: =IFERROR(Y46/X46-1,"-") -> -0.25439537 | AC46: =($BK$46-($L$46+$P$46))*AC45 -> 58737.149 | AE46: 61698.76 | AF46: =IFERROR(AE46-AC46,"-") -> 2961.6112 | AH46: =IFERROR(AE46/AC46-1,"-") -> 0.050421433 | AI46: =($BK$46-($L$46+$P$46))*AI45 -> 93979.438 | AJ46: 68663.28 | AK46: =IFERROR(AJ46-AI46,"-") -> -25316.158 | AL46: =IFERROR(AJ46/AI46-1,"-") -> -0.26937976 | AM46: =($BK$46-($L$46+$P$46))*AM45 -> 93979.438 | AN46: 31484.39 | AO46: =IFERROR(AN46-AM46,"-") -> -62495.048 | AP46: =IFERROR(AN46/AM46-1,"-") -> -0.6649864 | AQ46: =($BK$46-($L$46+$P$46))*AQ45 -> 93979.438 | AR46: 0 | AS46: =IFERROR(AR46-AQ46,"-") -> -93979.438 | AT46: =IFERROR(AR46/AQ46-1,"-") -> -1 | AU46: =($BK$46-($L$46+$P$46))*AU45 -> 152716.59 | AV46: 0 | AW46: =IFERROR(AV46-AU46,"-") -> -152716.59 | AX46: =IFERROR(AV46/AU46-1,"-") -> -1 | AY46: =($BK$46-($L$46+$P$46))*AY45 -> 152716.59 | AZ46: 0 | BA46: =IFERROR(AZ46-AY46,"-") -> -152716.59 | BB46: =IFERROR(AZ46/AY46-1,"-") -> -1 | BC46: =($BK$46-($L$46+$P$46))*BC45 -> 270190.88 | BD46: 0 | BE46: =IFERROR(BD46-BC46,"-") -> -270190.88 | BF46: =IFERROR(BD46/BC46-1,"-") -> -1 | BG46: =($BK$46-($L$46+$P$46))*BG45 -> 152716.59 | BH46: 0 | BI46: =IFERROR(BH46-BG46,"-") -> -152716.59 | BJ46: =IFERROR(BH46/BG46-1,"-") -> -1 | BK46: 1278980 | BL46: =SUM(L46,P46,T46,X46,AC46,AI46) -> 362680.45 | BM46: =SUM(L46,P46,T46,X46,AC46,AI46,AM46) -> 456659.89 | BN46: =SUM(M46,Q46,U46,Y46,AE46,AJ46,AN46,AR46,AV46,AZ46,BD46,BH46) -> 354157.37 | BO46: =IFERROR(BN46/BK46-1,"-") -> -0.72309389 | BP46: 368854.14 | BQ46: =BK46/BP46 -> 3.467441
J47: Pedidos | L47: =L46/$K$48 -> 834.125 | M47: 647 | N47: =IFERROR(M47-L47,"-") -> -187.125 | O47: =IFERROR(M47/L47-1,"-") -> -0.22433688 | P47: =P46/$K$48 -> 613.61111 | Q47: 585 | R47: =IFERROR(Q47-P47,"-") -> -28.611111 | S47: =IFERROR(Q47/P47-1,"-") -> -0.046627433 | T47: =T46/$K$48 -> 652.63499 | U47: 1063 | V47: =IFERROR(U47-T47,"-") -> 410.36501 | W47: =IFERROR(U47/T47-1,"-") -> 0.62878182 | X47: =X46/$K$48 -> 815.79373 | Y47: 793 | AA47: =IFERROR(Y47-X47,"-") -> -22.793733 | AB47: =IFERROR(Y47/X47-1,"-") -> -0.027940559 | AC47: =AC46/$K$48 -> 815.79373 | AE47: 852 | AF47: =IFERROR(AE47-AC47,"-") -> 36.206267 | AH47: =IFERROR(AE47/AC47-1,"-") -> 0.044381644 | AI47: =AI46/$K$48 -> 1305.27 | AJ47: 859 | AK47: =IFERROR(AJ47-AI47,"-") -> -446.26997 | AL47: =IFERROR(AJ47/AI47-1,"-") -> -0.3418986 | AM47: =AM46/$K$48 -> 1305.27 | AN47: 356 | AO47: =IFERROR(AN47-AM47,"-") -> -949.26997 | AP47: =IFERROR(AN47/AM47-1,"-") -> -0.72725949 | AQ47: =AQ46/$K$48 -> 1305.27 | AR47: 0 | AS47: =IFERROR(AR47-AQ47,"-") -> -1305.27 | AT47: =IFERROR(AR47/AQ47-1,"-") -> -1 | AU47: =AU46/$K$48 -> 2121.0637 | AV47: 0 | AW47: =IFERROR(AV47-AU47,"-") -> -2121.0637 | AX47: =IFERROR(AV47/AU47-1,"-") -> -1 | AY47: =AY46/$K$48 -> 2121.0637 | AZ47: 0 | BA47: =IFERROR(AZ47-AY47,"-") -> -2121.0637 | BB47: =IFERROR(AZ47/AY47-1,"-") -> -1 | BC47: =BC46/$K$48 -> 3752.6512 | BD47: 0 | BE47: =IFERROR(BD47-BC47,"-") -> -3752.6512 | BF47: =IFERROR(BD47/BC47-1,"-") -> -1 | BG47: =BG46/$K$48 -> 2121.0637 | BH47: 0 | BI47: =IFERROR(BH47-BG47,"-") -> -2121.0637 | BJ47: =IFERROR(BH47/BG47-1,"-") -> -1 | BK47: =SUM(L47,P47,T47,X47,AC47,AI47,AM47,AQ47,AU47,AY47,BC47,BG47) -> 17763.611 | BL47: =SUM(L47,P47,T47,X47,AC47,AI47) -> 5037.2285 | BM47: =SUM(L47,P47,T47,X47,AC47,AI47,AM47) -> 6342.4985 | BN47: =SUM(M47,Q47,U47,Y47,AE47,AJ47,AN47,AR47,AV47,AZ47,BD47,BH47) -> 5155 | BO47: =IFERROR(BN47/BK47-1,"-") -> -0.70979999 | BP47: 5074 | BQ47: =BK47/BP47 -> 3.5009087
J48: Ticket Médio | K48: 72 | L48: =L46/L47 -> 72 | M48: =IFERROR(M46/M47,"-") -> 69.871422 | N48: =IFERROR(M48-L48,"-") -> -2.1285781 | O48: =IFERROR(M48/L48-1,"-") -> -0.029563584 | P48: =IFERROR(P46/P47,"-") -> 72 | Q48: =IFERROR(Q46/Q47,"-") -> 72.541726 | R48: =IFERROR(Q48-P48,"-") -> 0.5417265 | S48: =IFERROR(Q48/P48-1,"-") -> 0.0075239791 | T48: =T46/T47 -> 72 | U48: =IFERROR(U46/U47,"-") -> 57.264845 | V48: =IFERROR(U48-T48,"-") -> -14.735155 | W48: =IFERROR(U48/T48-1,"-") -> -0.20465493 | X48: =IFERROR(X46/X47,"-") -> 72 | Y48: =IFERROR(Y46/Y47,"-") -> 55.226595 | AA48: =IFERROR(Y48-X48,"-") -> -16.773405 | AB48: =IFERROR(Y48/X48-1,"-") -> -0.23296396 | AC48: =AC46/AC47 -> 72 | AE48: =IFERROR(AE46/AE47,"-") -> 72.416385 | AF48: =IFERROR(AE48-AC48,"-") -> 0.41638498 | AH48: =IFERROR(AE48/AC48-1,"-") -> 0.0057831247 | AI48: =AI46/AI47 -> 72 | AJ48: 79.93397 | AK48: =IFERROR(AJ48-AI48,"-") -> 7.9339697 | AL48: =IFERROR(AJ48/AI48-1,"-") -> 0.11019402 | AM48: =AM46/AM47 -> 72 | AN48: 88.439298 | AO48: =IFERROR(AN48-AM48,"-") -> 16.439298 | AP48: =IFERROR(AN48/AM48-1,"-") -> 0.22832358 | AQ48: =AQ46/AQ47 -> 72 | AR48: =IFERROR(AR46/AR47,"-") -> - | AS48: =IFERROR(AR48-AQ48,"-") -> - | AT48: =IFERROR(AR48/AQ48-1,"-") -> - | AU48: =AU46/AU47 -> 72 | AV48: =IFERROR(AV46/AV47,"-") -> - | AW48: =IFERROR(AV48-AU48,"-") -> - | AX48: =IFERROR(AV48/AU48-1,"-") -> - | AY48: =AY46/AY47 -> 72 | AZ48: =IFERROR(AZ46/AZ47,"-") -> - | BA48: =IFERROR(AZ48-AY48,"-") -> - | BB48: =IFERROR(AZ48/AY48-1,"-") -> - | BC48: =BC46/BC47 -> 72 | BD48: =IFERROR(BD46/BD47,"-") -> - | BE48: =IFERROR(BD48-BC48,"-") -> - | BF48: =IFERROR(BD48/BC48-1,"-") -> - | BG48: =BG46/BG47 -> 72 | BH48: =IFERROR(BH46/BH47,"-") -> - | BI48: =IFERROR(BH48-BG48,"-") -> - | BJ48: =IFERROR(BH48/BG48-1,"-") -> - | BK48: =BK46/BK47 -> 72 | BL48: =IFERROR(BL46/BL47,"-") -> 72 | BM48: =IFERROR(BM46/BM47,"-") -> 72 | BN48: =BN46/BN47 -> 68.701721 | BO48: =IFERROR(BN48/BK48-1,"-") -> -0.045809435 | BP48: =BP46/BP47 -> 72.694943 | BQ48: =BK48/BP48-1 -> -0.0095597138
J49: Receita Hanzo | K49: 0.04 | L49: =MIN(L46, 500000) * 0.04 + MAX(0, MIN(L46, 1000000) - 500000) * 0.035 + MAX(0, L46 - 1000000) * 0.03 -> 2402.28 | M49: =MIN(M46, 500000) * 0.04 + MAX(0, MIN(M46, 1000000) - 500000) * 0.035 + MAX(0, M46 - 1000000) * 0.03 -> 1808.2724 | N49: =IFERROR(M49-L49,"-") -> -594.0076 | O49: =IFERROR(M49/L49-1,"-") -> -0.24726826 | P49: =MIN(P46, 500000) * 0.04 + MAX(0, MIN(P46, 1000000) - 500000) * 0.035 + MAX(0, P46 - 1000000) * 0.03 -> 1767.2 | Q49: =MIN(Q46, 500000) * 0.04 + MAX(0, MIN(Q46, 1000000) - 500000) * 0.035 + MAX(0, Q46 - 1000000) * 0.03 -> 1697.4764 | R49: =IFERROR(Q49-P49,"-") -> -69.7236 | S49: =IFERROR(Q49/P49-1,"-") -> -0.039454278 | T49: =MIN(T46, 500000) * 0.04 + MAX(0, MIN(T46, 1000000) - 500000) * 0.035 + MAX(0, T46 - 1000000) * 0.03 -> 1879.5888 | U49: =MIN(U46, 500000) * 0.04 + MAX(0, MIN(U46, 1000000) - 500000) * 0.035 + MAX(0, U46 - 1000000) * 0.03 -> 2434.9012 | V49: =IFERROR(U49-T49,"-") -> 555.31244 | W49: =IFERROR(U49/T49-1,"-") -> 0.29544358 | X49: =MIN(X46, 500000) * 0.04 + MAX(0, MIN(X46, 1000000) - 500000) * 0.035 + MAX(0, X46 - 1000000) * 0.03 -> 2349.486 | Y49: =MIN(Y46, 500000) * 0.04 + MAX(0, MIN(Y46, 1000000) - 500000) * 0.035 + MAX(0, Y46 - 1000000) * 0.03 -> 1751.7876 | AA49: =IFERROR(Y49-X49,"-") -> -597.69835 | AB49: =IFERROR(Y49/X49-1,"-") -> -0.25439537 | AC49: =MIN(AC46, 500000) * 0.04 + MAX(0, MIN(AC46, 1000000) - 500000) * 0.035 + MAX(0, AC46 - 1000000) * 0.03 -> 2349.486 | AE49: =MIN(AE46, 500000) * 0.04 + MAX(0, MIN(AE46, 1000000) - 500000) * 0.035 + MAX(0, AE46 - 1000000) * 0.03 -> 2467.9504 | AF49: =IFERROR(AE49-AC49,"-") -> 118.46445 | AH49: =IFERROR(AE49/AC49-1,"-") -> 0.050421433 | AI49: =MIN(AI46, 500000) * 0.04 + MAX(0, MIN(AI46, 1000000) - 500000) * 0.035 + MAX(0, AI46 - 1000000) * 0.03 -> 3759.1775 | AJ49: 2746.5312 | AK49: =IFERROR(AJ49-AI49,"-") -> -1012.6463 | AL49: =IFERROR(AJ49/AI49-1,"-") -> -0.26937976 | AM49: =MIN(AM46, 500000) * 0.04 + MAX(0, MIN(AM46, 1000000) - 500000) * 0.035 + MAX(0, AM46 - 1000000) * 0.03 -> 3759.1775 | AN49: 1259.3756 | AO49: =IFERROR(AN49-AM49,"-") -> -2499.8019 | AP49: =IFERROR(AN49/AM49-1,"-") -> -0.6649864 | AQ49: =MIN(AQ46, 500000) * 0.04 + MAX(0, MIN(AQ46, 1000000) - 500000) * 0.035 + MAX(0, AQ46 - 1000000) * 0.03 -> 3759.1775 | AR49: =MIN(AR46, 500000) * 0.04 + MAX(0, MIN(AR46, 1000000) - 500000) * 0.035 + MAX(0, AR46 - 1000000) * 0.03 -> 0 | AS49: =IFERROR(AR49-AQ49,"-") -> -3759.1775 | AT49: =IFERROR(AR49/AQ49-1,"-") -> -1 | AU49: =MIN(AU46, 500000) * 0.04 + MAX(0, MIN(AU46, 1000000) - 500000) * 0.035 + MAX(0, AU46 - 1000000) * 0.03 -> 6108.6635 | AV49: =MIN(AV46, 500000) * 0.04 + MAX(0, MIN(AV46, 1000000) - 500000) * 0.035 + MAX(0, AV46 - 1000000) * 0.03 -> 0 | AW49: =IFERROR(AV49-AU49,"-") -> -6108.6635 | AX49: =IFERROR(AV49/AU49-1,"-") -> -1 | AY49: =MIN(AY46, 500000) * 0.04 + MAX(0, MIN(AY46, 1000000) - 500000) * 0.035 + MAX(0, AY46 - 1000000) * 0.03 -> 6108.6635 | AZ49: =MIN(AZ46, 500000) * 0.04 + MAX(0, MIN(AZ46, 1000000) - 500000) * 0.035 + MAX(0, AZ46 - 1000000) * 0.03 -> 0 | BA49: =IFERROR(AZ49-AY49,"-") -> -6108.6635 | BB49: =IFERROR(AZ49/AY49-1,"-") -> -1 | BC49: =MIN(BC46, 500000) * 0.04 + MAX(0, MIN(BC46, 1000000) - 500000) * 0.035 + MAX(0, BC46 - 1000000) * 0.03 -> 10807.635 | BD49: =MIN(BD46, 500000) * 0.04 + MAX(0, MIN(BD46, 1000000) - 500000) * 0.035 + MAX(0, BD46 - 1000000) * 0.03 -> 0 | BE49: =IFERROR(BD49-BC49,"-") -> -10807.635 | BF49: =IFERROR(BD49/BC49-1,"-") -> -1 | BG49: =MIN(BG46, 500000) * 0.04 + MAX(0, MIN(BG46, 1000000) - 500000) * 0.035 + MAX(0, BG46 - 1000000) * 0.03 -> 6108.6635 | BH49: =MIN(BH46, 500000) * 0.04 + MAX(0, MIN(BH46, 1000000) - 500000) * 0.035 + MAX(0, BH46 - 1000000) * 0.03 -> 0 | BI49: =IFERROR(BH49-BG49,"-") -> -6108.6635 | BJ49: =IFERROR(BH49/BG49-1,"-") -> -1 | BK49: =SUM(L49,P49,T49,X49,AC49,AI49,AM49,AQ49,AU49,AY49,BC49,BG49) -> 51159.199 | BL49: =SUM(L49,P49,T49,X49,AC49,AI49) -> 14507.218 | BM49: =SUM(L49,P49,T49,X49,AC49,AI49,AM49) -> 18266.396 | BN49: =SUM(M49,Q49,U49,Y49,AE49,AJ49,AN49,AR49,AV49,AZ49,BD49,BH49) -> 14166.295 | BO49: =IFERROR(BN49/BK49-1,"-") -> -0.72309389 | BP49: =BP46*0.04 -> 14754.166 | BQ49: =BK49/BP49 -> 3.467441
O50: =X54/7000 -> 5.7142857 | P50: =AC54/7000 -> 5.7142857 | R50: =AM54/7000 -> 51.428571 | S50: =AQ54/7000 -> 74.285714 | T50: =AU54/7000 -> 91.428571 | U50: =AY54/7000 -> 91.428571 | V50: =BC54/7000 -> 131.42857 | W50: =BG54/7000 -> 85.714286
J51: ITAL'IN HOUSE (200) | L51: jan | M51: jan (real) | N51: Diferença (jan) | O51: Comparativo (jan) | P51: fev | Q51: fev (real) | R51: Diferença (fev) | S51: Comparativo (fev) | T51: mar | U51: mar (real) | V51: Diferença (mar) | W51: Comparativo (mar) | X51: abr | Y51: abr (real) | AA51: Diferença (abr) | AB51: Comparativo (abr) | AC51: mai | AE51: mai (real) | AF51: Diferença (mai) | AH51: Comparativo (mai) | AI51: jun | AJ51: jun (real) | AK51: Diferença (jun) | AL51: Comparativo (jun) | AM51: jul | AN51: jul (real) | AO51: Diferença (jul) | AP51: Comparativo (jul) | AQ51: ago | AR51: ago (real) | AS51: Diferença (ago) | AT51: Comparativo (ago) | AU51: set | AV51: set (real) | AW51: Diferença (set) | AX51: Comparativo (set) | AY51: out | AZ51: out (real) | BA51: Diferença (out) | BB51: Comparativo (out) | BC51: nov | BD51: nov (real) | BE51: Diferença (nov) | BF51: Comparativo (nov) | BG51: dez | BH51: dez (real) | BI51: Diferença (dez) | BJ51: Comparativo (dez) | BK51: 2026 (Projeção) | BL51: 2026 (Projeção Jun) | BM51: 2026 (Projeção até Jul) | BN51: 2026 (real) | BO51: 2026 (Projeção x Real) | BP51: 2025
B53: 8 | C53: MANA POKE | D53: 3000000 | E53: 80 | F53: =E53*D53 -> 240000000 | G53: 294165.12 | H53: 3683 | I53: 79.871062 | J53: % do mês no ano | L53: - | M53: - | N53: - | O53: Taxa | P53: - | Q53: - | R53: - | S53: Taxa | V53: - | W53: Taxa | X53: 0.01 | Y53: =Y54/(BK54-(L54+P54+T54)) -> 9.27775e-05 | AA53: - | AB53: Taxa | AC53: 0.01 | AE53: =AE54/(BK54-(L54+P54+T54)) -> 0.0003291625 | AF53: - | AH53: Taxa | AI53: 0.06 | AJ53: 0.0002691875 | AK53: - | AL53: Taxa | AM53: 0.09 | AN53: 0.000107395 | AO53: - | AP53: Taxa | AQ53: 0.13 | AR53: =AR54/(BK54-(L54+P54+T54)) -> 0 | AS53: - | AT53: Taxa | AU53: 0.16 | AV53: =AV54/(BK54-(L54+P54+T54)) -> 0 | AW53: - | AX53: Taxa | AY53: 0.16 | AZ53: =AZ54/(BK54-(L54+P54+T54)) -> 0 | BA53: - | BB53: Taxa | BC53: 0.23 | BD53: =BD54/(BK54-(L54+P54+T54)) -> 0 | BE53: - | BF53: Taxa | BG53: 0.15 | BH53: =BH54/(BK54-(L54+P54+T54)) -> 0 | BI53: - | BJ53: Taxa | BK53: =SUM(X53,AC53,AI53,AM53,AQ53,AU53,AY53,BC53,BG53) -> 1 | BL53: =SUM(X53,AC53,AI53) -> 0.08 | BM53: =SUM(T53,X53,AC53,AI53,AM53) -> 0.17 | BN53: =SUM(Y53,AE53,AJ53,AN53,AR53,AV53,AZ53,BD53,BH53) -> 0.0007985225 | BP53: -
J54: GMV | L54: 0 | M54: 0 | N54: =IFERROR(M54-L54,"-") -> 0 | O54: =IFERROR(M54/L54-1,"-") -> - | P54: 0 | Q54: 0 | R54: =IFERROR(Q54-P54,"-") -> 0 | S54: =IFERROR(Q54/P54-1,"-") -> - | T54: =($BK$54-($L$54+$P$54))*T53 -> 0 | U54: 53.8 | V54: =IFERROR(U54-T54,"-") -> 53.8 | W54: =IFERROR(U54/T54-1,"-") -> - | X54: =($BK$54-($L$54+$P$54+$T$54))*X53 -> 40000 | Y54: 371.11 | AA54: =IFERROR(Y54-X54,"-") -> -39628.89 | AB54: =IFERROR(Y54/X54-1,"-") -> -0.99072225 | AC54: =($BK$54-($L$54+$P$54+$T$54))*AC53 -> 40000 | AE54: 1316.65 | AF54: =IFERROR(AE54-AC54,"-") -> -38683.35 | AH54: =IFERROR(AE54/AC54-1,"-") -> -0.96708375 | AI54: =($BK$54-($L$54+$P$54+$T$54))*AI53 -> 240000 | AJ54: 1076.75 | AK54: =IFERROR(AJ54-AI54,"-") -> -238923.25 | AL54: =IFERROR(AJ54/AI54-1,"-") -> -0.99551354 | AM54: =($BK$54-($L$54+$P$54+$T$54))*AM53 -> 360000 | AN54: 429.58 | AO54: =IFERROR(AN54-AM54,"-") -> -359570.42 | AP54: =IFERROR(AN54/AM54-1,"-") -> -0.99880672 | AQ54: =($BK$54-($L$54+$P$54+$T$54))*AQ53 -> 520000 | AR54: 0 | AS54: =IFERROR(AR54-AQ54,"-") -> -520000 | AT54: =IFERROR(AR54/AQ54-1,"-") -> -1 | AU54: =($BK$54-($L$54+$P$54+$T$54))*AU53 -> 640000 | AV54: 0 | AW54: =IFERROR(AV54-AU54,"-") -> -640000 | AX54: =IFERROR(AV54/AU54-1,"-") -> -1 | AY54: =($BK$54-($L$54+$P$54+$T$54))*AY53 -> 640000 | AZ54: 0 | BA54: =IFERROR(AZ54-AY54,"-") -> -640000 | BB54: =IFERROR(AZ54/AY54-1,"-") -> -1 | BC54: =($BK$54-($L$54+$P$54+$T$54))*BC53 -> 920000 | BD54: 0 | BE54: =IFERROR(BD54-BC54,"-") -> -920000 | BF54: =IFERROR(BD54/BC54-1,"-") -> -1 | BG54: =($BK$54-($L$54+$P$54+$T$54))*BG53 -> 600000 | BH54: 0 | BI54: =IFERROR(BH54-BG54,"-") -> -600000 | BJ54: =IFERROR(BH54/BG54-1,"-") -> -1 | BK54: 4000000 | BL54: =SUM(L54,P54,T54,X54,AC54,AI54) -> 320000 | BM54: =SUM(L54,P54,T54,X54,AC54,AI54,AM54) -> 680000 | BN54: =SUM(M54,Q54,U54,Y54,AE54,AJ54,AN54,AR54,AV54,AZ54,BD54,BH54) -> 3247.89 | BO54: =IFERROR(BN54/BK54-1,"-") -> -0.99918803 | BP54: - | BQ54: =IFERROR((BK54/BP54),"-") -> -
J55: Pedidos | L55: =L54/$K$56 -> 0 | M55: 0 | N55: =IFERROR(M55-L55,"-") -> 0 | O55: =IFERROR(M55/L55-1,"-") -> - | P55: =P54/$K$56 -> 0 | Q55: 0 | R55: =IFERROR(Q55-P55,"-") -> 0 | S55: =IFERROR(Q55/P55-1,"-") -> - | T55: =T54/$K$56 -> 0 | U55: 1 | V55: =IFERROR(U55-T55,"-") -> 1 | W55: =IFERROR(U55/T55-1,"-") -> - | X55: =X54/$K$56 -> 380.95238 | Y55: 5 | AA55: =IFERROR(Y55-X55,"-") -> -375.95238 | AB55: =IFERROR(Y55/X55-1,"-") -> -0.986875 | AC55: =AC54/$K$56 -> 380.95238 | AE55: 28 | AF55: =IFERROR(AE55-AC55,"-") -> -352.95238 | AH55: =IFERROR(AE55/AC55-1,"-") -> -0.9265 | AI55: =AI54/$K$56 -> 2285.7143 | AJ55: 19 | AK55: =IFERROR(AJ55-AI55,"-") -> -2266.7143 | AL55: =IFERROR(AJ55/AI55-1,"-") -> -0.9916875 | AM55: =AM54/$K$56 -> 3428.5714 | AN55: 6 | AO55: =IFERROR(AN55-AM55,"-") -> -3422.5714 | AP55: =IFERROR(AN55/AM55-1,"-") -> -0.99825 | AQ55: =AQ54/$K$56 -> 4952.381 | AR55: 0 | AS55: =IFERROR(AR55-AQ55,"-") -> -4952.381 | AT55: =IFERROR(AR55/AQ55-1,"-") -> -1 | AU55: =AU54/$K$56 -> 6095.2381 | AV55: 0 | AW55: =IFERROR(AV55-AU55,"-") -> -6095.2381 | AX55: =IFERROR(AV55/AU55-1,"-") -> -1 | AY55: =AY54/$K$56 -> 6095.2381 | AZ55: 0 | BA55: =IFERROR(AZ55-AY55,"-") -> -6095.2381 | BB55: =IFERROR(AZ55/AY55-1,"-") -> -1 | BC55: =BC54/$K$56 -> 8761.9048 | BD55: 0 | BE55: =IFERROR(BD55-BC55,"-") -> -8761.9048 | BF55: =IFERROR(BD55/BC55-1,"-") -> -1 | BG55: =BG54/$K$56 -> 5714.2857 | BH55: 0 | BI55: =IFERROR(BH55-BG55,"-") -> -5714.2857 | BJ55: =IFERROR(BH55/BG55-1,"-") -> -1 | BK55: =SUM(L55,P55,T55,X55,AC55,AI55,AM55,AQ55,AU55,AY55,BC55,BG55) -> 38095.238 | BL55: =SUM(L55,P55,T55,X55,AC55,AI55) -> 3047.619 | BM55: =SUM(L55,P55,T55,X55,AC55,AI55,AM55) -> 6476.1905 | BN55: =SUM(M55,Q55,U55,Y55,AE55,AJ55,AN55,AR55,AV55,AZ55,BD55,BH55) -> 59 | BO55: =IFERROR(BN55/BK55-1,"-") -> -0.99845125 | BP55: - | BQ55: =IFERROR((BK55/BP55),"-") -> -
J56: Ticket Médio | K56: 105 | L56: =IFERROR(L54/L55,"-") -> - | M56: =IFERROR(M54/M55,"-") -> - | N56: =IFERROR(M56-L56,"-") -> - | O56: =IFERROR(M56/L56-1,"-") -> - | P56: =IFERROR(P54/P55,"-") -> - | Q56: =IFERROR(Q54/Q55,"-") -> - | R56: =IFERROR(Q56-P56,"-") -> - | S56: =IFERROR(Q56/P56-1,"-") -> - | T56: =IFERROR(T54/T55,"-") -> - | U56: =IFERROR(U54/U55,"-") -> 53.8 | V56: =IFERROR(U56-T56,"-") -> - | W56: =IFERROR(U56/T56-1,"-") -> - | X56: =IFERROR(X54/X55,"-") -> 105 | Y56: =IFERROR(Y54/Y55,"-") -> 74.222 | AA56: =IFERROR(Y56-X56,"-") -> -30.778 | AB56: =IFERROR(Y56/X56-1,"-") -> -0.29312381 | AC56: =AC54/AC55 -> 105 | AE56: =IFERROR(AE54/AE55,"-") -> 47.023214 | AF56: =IFERROR(AE56-AC56,"-") -> -57.976786 | AH56: =IFERROR(AE56/AC56-1,"-") -> -0.55215986 | AI56: =AI54/AI55 -> 105 | AJ56: 56.671053 | AK56: =IFERROR(AJ56-AI56,"-") -> -48.328947 | AL56: =IFERROR(AJ56/AI56-1,"-") -> -0.46027569 | AM56: =AM54/AM55 -> 105 | AN56: 71.596667 | AO56: =IFERROR(AN56-AM56,"-") -> -33.403333 | AP56: =IFERROR(AN56/AM56-1,"-") -> -0.31812698 | AQ56: =AQ54/AQ55 -> 105 | AR56: =IFERROR(AR54/AR55,"-") -> - | AS56: =IFERROR(AR56-AQ56,"-") -> - | AT56: =IFERROR(AR56/AQ56-1,"-") -> - | AU56: =AU54/AU55 -> 105 | AV56: =IFERROR(AV54/AV55,"-") -> - | AW56: =IFERROR(AV56-AU56,"-") -> - | AX56: =IFERROR(AV56/AU56-1,"-") -> - | AY56: =AY54/AY55 -> 105 | AZ56: =IFERROR(AZ54/AZ55,"-") -> - | BA56: =IFERROR(AZ56-AY56,"-") -> - | BB56: =IFERROR(AZ56/AY56-1,"-") -> - | BC56: =BC54/BC55 -> 105 | BD56: =IFERROR(BD54/BD55,"-") -> - | BE56: =IFERROR(BD56-BC56,"-") -> - | BF56: =IFERROR(BD56/BC56-1,"-") -> - | BG56: =BG54/BG55 -> 105 | BH56: =IFERROR(BH54/BH55,"-") -> - | BI56: =IFERROR(BH56-BG56,"-") -> - | BJ56: =IFERROR(BH56/BG56-1,"-") -> - | BK56: =BK54/BK55 -> 105 | BL56: =IFERROR(BL54/BL55,"-") -> 105 | BM56: =IFERROR(BM54/BM55,"-") -> 105 | BN56: =BN54/BN55 -> 55.048983 | BO56: =IFERROR(BN56/BK56-1,"-") -> -0.47572397
J57: Receita Hanzo | K57: 0.03 | L57: =MIN(L54, 500000) * 0.03 + MAX(0, MIN(L54, 1000000) - 500000) * 0.025 + MAX(0, MIN(L54, 2000000) - 1000000) * 0.0225 + MAX(0, MIN(L54, 3000000) - 2000000) * 0.02 + MAX(0, MIN(L54, 5000000) - 3000000) * 0.0175 + MAX(0, L54 - 5000000) * 0.015 -> 0 | M57: =MIN(M54, 500000) * 0.03 + MAX(0, MIN(M54, 1000000) - 500000) * 0.025 + MAX(0, MIN(M54, 2000000) - 1000000) * 0.0225 + MAX(0, MIN(M54, 3000000) - 2000000) * 0.02 + MAX(0, MIN(M54, 5000000) - 3000000) * 0.0175 + MAX(0, M54 - 5000000) * 0.015 -> 0 | N57: =IFERROR(M57-L57,"-") -> 0 | O57: =IFERROR(M57/L57-1,"-") -> - | P57: =MIN(P54, 500000) * 0.03 + MAX(0, MIN(P54, 1000000) - 500000) * 0.025 + MAX(0, MIN(P54, 2000000) - 1000000) * 0.0225 + MAX(0, MIN(P54, 3000000) - 2000000) * 0.02 + MAX(0, MIN(P54, 5000000) - 3000000) * 0.0175 + MAX(0, P54 - 5000000) * 0.015 -> 0 | Q57: =MIN(Q54, 500000) * 0.03 + MAX(0, MIN(Q54, 1000000) - 500000) * 0.025 + MAX(0, MIN(Q54, 2000000) - 1000000) * 0.0225 + MAX(0, MIN(Q54, 3000000) - 2000000) * 0.02 + MAX(0, MIN(Q54, 5000000) - 3000000) * 0.0175 + MAX(0, Q54 - 5000000) * 0.015 -> 0 | R57: =IFERROR(Q57-P57,"-") -> 0 | S57: =IFERROR(Q57/P57-1,"-") -> - | T57: =MIN(T54, 500000) * 0.03 + MAX(0, MIN(T54, 1000000) - 500000) * 0.025 + MAX(0, MIN(T54, 2000000) - 1000000) * 0.0225 + MAX(0, MIN(T54, 3000000) - 2000000) * 0.02 + MAX(0, MIN(T54, 5000000) - 3000000) * 0.0175 + MAX(0, T54 - 5000000) * 0.015 -> 0 | U57: =MIN(U54, 500000) * 0.03 + MAX(0, MIN(U54, 1000000) - 500000) * 0.025 + MAX(0, MIN(U54, 2000000) - 1000000) * 0.0225 + MAX(0, MIN(U54, 3000000) - 2000000) * 0.02 + MAX(0, MIN(U54, 5000000) - 3000000) * 0.0175 + MAX(0, U54 - 5000000) * 0.015 -> 1.614 | V57: =IFERROR(U57-T57,"-") -> 1.614 | W57: =IFERROR(U57/T57-1,"-") -> - | X57: =MIN(X54, 500000) * 0.03 + MAX(0, MIN(X54, 1000000) - 500000) * 0.025 + MAX(0, MIN(X54, 2000000) - 1000000) * 0.0225 + MAX(0, MIN(X54, 3000000) - 2000000) * 0.02 + MAX(0, MIN(X54, 5000000) - 3000000) * 0.0175 + MAX(0, X54 - 5000000) * 0.015 -> 1200 | Y57: =MIN(Y54, 500000) * 0.03 + MAX(0, MIN(Y54, 1000000) - 500000) * 0.025 + MAX(0, MIN(Y54, 2000000) - 1000000) * 0.0225 + MAX(0, MIN(Y54, 3000000) - 2000000) * 0.02 + MAX(0, MIN(Y54, 5000000) - 3000000) * 0.0175 + MAX(0, Y54 - 5000000) * 0.015 -> 11.1333 | AA57: =IFERROR(Y57-X57,"-") -> -1188.8667 | AB57: =IFERROR(Y57/X57-1,"-") -> -0.99072225 | AC57: =MIN(AC54, 500000) * 0.03 + MAX(0, MIN(AC54, 1000000) - 500000) * 0.025 + MAX(0, MIN(AC54, 2000000) - 1000000) * 0.0225 + MAX(0, MIN(AC54, 3000000) - 2000000) * 0.02 + MAX(0, MIN(AC54, 5000000) - 3000000) * 0.0175 + MAX(0, AC54 - 5000000) * 0.015 -> 1200 | AE57: =MIN(AE54, 500000) * 0.03 + MAX(0, MIN(AE54, 1000000) - 500000) * 0.025 + MAX(0, MIN(AE54, 2000000) - 1000000) * 0.0225 + MAX(0, MIN(AE54, 3000000) - 2000000) * 0.02 + MAX(0, MIN(AE54, 5000000) - 3000000) * 0.0175 + MAX(0, AE54 - 5000000) * 0.015 -> 39.4995 | AF57: =IFERROR(AE57-AC57,"-") -> -1160.5005 | AH57: =IFERROR(AE57/AC57-1,"-") -> -0.96708375 | AI57: =MIN(AI54, 500000) * 0.03 + MAX(0, MIN(AI54, 1000000) - 500000) * 0.025 + MAX(0, MIN(AI54, 2000000) - 1000000) * 0.0225 + MAX(0, MIN(AI54, 3000000) - 2000000) * 0.02 + MAX(0, MIN(AI54, 5000000) - 3000000) * 0.0175 + MAX(0, AI54 - 5000000) * 0.015 -> 7200 | AJ57: 32.3025 | AK57: =IFERROR(AJ57-AI57,"-") -> -7167.6975 | AL57: =IFERROR(AJ57/AI57-1,"-") -> -0.99551354 | AM57: =MIN(AM54, 500000) * 0.03 + MAX(0, MIN(AM54, 1000000) - 500000) * 0.025 + MAX(0, MIN(AM54, 2000000) - 1000000) * 0.0225 + MAX(0, MIN(AM54, 3000000) - 2000000) * 0.02 + MAX(0, MIN(AM54, 5000000) - 3000000) * 0.0175 + MAX(0, AM54 - 5000000) * 0.015 -> 10800 | AN57: 12.8874 | AO57: =IFERROR(AN57-AM57,"-") -> -10787.113 | AP57: =IFERROR(AN57/AM57-1,"-") -> -0.99880672 | AQ57: =MIN(AQ54, 500000) * 0.03 + MAX(0, MIN(AQ54, 1000000) - 500000) * 0.025 + MAX(0, MIN(AQ54, 2000000) - 1000000) * 0.0225 + MAX(0, MIN(AQ54, 3000000) - 2000000) * 0.02 + MAX(0, MIN(AQ54, 5000000) - 3000000) * 0.0175 + MAX(0, AQ54 - 5000000) * 0.015 -> 15500 | AR57: =MIN(AR54, 500000) * 0.03 + MAX(0, MIN(AR54, 1000000) - 500000) * 0.025 + MAX(0, MIN(AR54, 2000000) - 1000000) * 0.0225 + MAX(0, MIN(AR54, 3000000) - 2000000) * 0.02 + MAX(0, MIN(AR54, 5000000) - 3000000) * 0.0175 + MAX(0, AR54 - 5000000) * 0.015 -> 0 | AS57: =IFERROR(AR57-AQ57,"-") -> -15500 | AT57: =IFERROR(AR57/AQ57-1,"-") -> -1 | AU57: =MIN(AU54, 500000) * 0.03 + MAX(0, MIN(AU54, 1000000) - 500000) * 0.025 + MAX(0, MIN(AU54, 2000000) - 1000000) * 0.0225 + MAX(0, MIN(AU54, 3000000) - 2000000) * 0.02 + MAX(0, MIN(AU54, 5000000) - 3000000) * 0.0175 + MAX(0, AU54 - 5000000) * 0.015 -> 18500 | AV57: =MIN(AV54, 500000) * 0.03 + MAX(0, MIN(AV54, 1000000) - 500000) * 0.025 + MAX(0, MIN(AV54, 2000000) - 1000000) * 0.0225 + MAX(0, MIN(AV54, 3000000) - 2000000) * 0.02 + MAX(0, MIN(AV54, 5000000) - 3000000) * 0.0175 + MAX(0, AV54 - 5000000) * 0.015 -> 0 | AW57: =IFERROR(AV57-AU57,"-") -> -18500 | AX57: =IFERROR(AV57/AU57-1,"-") -> -1 | AY57: =MIN(AY54, 500000) * 0.03 + MAX(0, MIN(AY54, 1000000) - 500000) * 0.025 + MAX(0, MIN(AY54, 2000000) - 1000000) * 0.0225 + MAX(0, MIN(AY54, 3000000) - 2000000) * 0.02 + MAX(0, MIN(AY54, 5000000) - 3000000) * 0.0175 + MAX(0, AY54 - 5000000) * 0.015 -> 18500 | AZ57: =MIN(AZ54, 500000) * 0.03 + MAX(0, MIN(AZ54, 1000000) - 500000) * 0.025 + MAX(0, MIN(AZ54, 2000000) - 1000000) * 0.0225 + MAX(0, MIN(AZ54, 3000000) - 2000000) * 0.02 + MAX(0, MIN(AZ54, 5000000) - 3000000) * 0.0175 + MAX(0, AZ54 - 5000000) * 0.015 -> 0 | BA57: =IFERROR(AZ57-AY57,"-") -> -18500 | BB57: =IFERROR(AZ57/AY57-1,"-") -> -1 | BC57: =MIN(BC54, 500000) * 0.03 + MAX(0, MIN(BC54, 1000000) - 500000) * 0.025 + MAX(0, MIN(BC54, 2000000) - 1000000) * 0.0225 + MAX(0, MIN(BC54, 3000000) - 2000000) * 0.02 + MAX(0, MIN(BC54, 5000000) - 3000000) * 0.0175 + MAX(0, BC54 - 5000000) * 0.015 -> 25500 | BD57: =MIN(BD54, 500000) * 0.03 + MAX(0, MIN(BD54, 1000000) - 500000) * 0.025 + MAX(0, MIN(BD54, 2000000) - 1000000) * 0.0225 + MAX(0, MIN(BD54, 3000000) - 2000000) * 0.02 + MAX(0, MIN(BD54, 5000000) - 3000000) * 0.0175 + MAX(0, BD54 - 5000000) * 0.015 -> 0 | BE57: =IFERROR(BD57-BC57,"-") -> -25500 | BF57: =IFERROR(BD57/BC57-1,"-") -> -1 | BG57: =MIN(BG54, 500000) * 0.03 + MAX(0, MIN(BG54, 1000000) - 500000) * 0.025 + MAX(0, MIN(BG54, 2000000) - 1000000) * 0.0225 + MAX(0, MIN(BG54, 3000000) - 2000000) * 0.02 + MAX(0, MIN(BG54, 5000000) - 3000000) * 0.0175 + MAX(0, BG54 - 5000000) * 0.015 -> 17500 | BH57: =MIN(BH54, 500000) * 0.03 + MAX(0, MIN(BH54, 1000000) - 500000) * 0.025 + MAX(0, MIN(BH54, 2000000) - 1000000) * 0.0225 + MAX(0, MIN(BH54, 3000000) - 2000000) * 0.02 + MAX(0, MIN(BH54, 5000000) - 3000000) * 0.0175 + MAX(0, BH54 - 5000000) * 0.015 -> 0 | BI57: =IFERROR(BH57-BG57,"-") -> -17500 | BJ57: =IFERROR(BH57/BG57-1,"-") -> -1 | BK57: =SUM(L57,P57,T57,X57,AC57,AI57,AM57,AQ57,AU57,AY57,BC57,BG57) -> 115900 | BL57: =SUM(L57,P57,T57,X57,AC57,AI57) -> 9600 | BM57: =SUM(L57,P57,T57,X57,AC57,AI57,AM57) -> 20400 | BN57: =SUM(M57,Q57,U57,Y57,AE57,AJ57,AN57,AR57,AV57,AZ57,BD57,BH57) -> 97.4367 | BO57: =IFERROR(BN57/BK57-1,"-") -> -0.9991593 | BP57: - | BQ57: =IFERROR((BK57/BP57),"-") -> -
I58: 0.0325 | L58: =L62/4600 -> 5.5381304 | M58: =P62/2890 -> 7.3771626 | N58: =T62/3000 -> 9.9220077 | O58: =X62/10000 -> 2.9766023 | P58: =AC62/15000 -> 7.9376061 | R58: =AM62/15000 -> 31.750425 | S58: =AQ62/15000 -> 39.688031 | T58: =AU62/15000 -> 43.656834 | U58: =AY62/15000 -> 71.438455 | V58: =BC62/25000 -> 71.438455 | W58: =BG62/15000 -> 71.438455
J59: MANA POKE (70) | L59: jan | M59: jan (real) | N59: Diferença (jan) | O59: Comparativo (jan) | P59: fev | Q59: fev (real) | R59: Diferença (fev) | S59: Comparativo (fev) | T59: mar | U59: mar (real) | V59: Diferença (mar) | W59: Comparativo (mar) | X59: abr | Y59: abr (real) | AA59: Diferença (abr) | AB59: Comparativo (abr) | AC59: mai | AE59: mai (real) | AF59: Diferença (mai) | AH59: Comparativo (mai) | AI59: jun | AJ59: jun (real) | AK59: Diferença (jun) | AL59: Comparativo (jun) | AM59: jul | AN59: jul (real) | AO59: Diferença (jul) | AP59: Comparativo (jul) | AQ59: ago | AR59: ago (real) | AS59: Diferença (ago) | AT59: Comparativo (ago) | AU59: set | AV59: set (real) | AW59: Diferença (set) | AX59: Comparativo (set) | AY59: out | AZ59: out (real) | BA59: Diferença (out) | BB59: Comparativo (out) | BC59: nov | BD59: nov (real) | BE59: Diferença (nov) | BF59: Comparativo (nov) | BG59: dez | BH59: dez (real) | BI59: Diferença (dez) | BJ59: Comparativo (dez) | BK59: 2026 (Projeção) | BL59: 2026 (Projeção Jun) | BM59: 2026 (Projeção até Jul) | BN59: 2026 (real) | BO59: 2026 (Projeção x Real) | BP59: 2025
B61: 9 | C61: MILKY MOO | D61: 7200000 | E61: 30 | F61: =E61*D61 -> 216000000 | G61: 1580724.6 | H61: 66014 | I61: 23.945293 | J61: % do mês no ano | L61: - | M61: - | N61: - | O61: Taxa | P61: - | Q61: - | R61: - | S61: Taxa | T61: 0.005 | U61: =U62/(BK62-(L62 + P62)) -> 0.0039619367 | V61: - | W61: Taxa | X61: 0.005 | Y61: =Y62/(BK62-(L62+P62)) -> 0.0020354634 | AA61: - | AB61: Taxa | AC61: 0.02 | AE61: =AE62/(BK62-(L62+P62)) -> 0.0022187227 | AF61: - | AH61: Taxa | AI61: 0.02 | AJ61: 0.001648796 | AK61: - | AL61: Taxa | AM61: 0.08 | AN61: 0.00049354763 | AO61: - | AP61: Taxa | AQ61: 0.1 | AR61: =AR62/(BK62-(L62+P62)) -> 0 | AS61: - | AT61: Taxa | AU61: 0.11 | AV61: =AV62/(BK62-(L62+P62)) -> 0 | AW61: - | AX61: Taxa | AY61: 0.18 | AZ61: =AZ62/(BK62-(L62+P62)) -> 0 | BA61: - | BB61: Taxa | BC61: 0.3 | BD61: =BD62/(BK62-(L62+P62)) -> 0 | BE61: - | BF61: Taxa | BG61: 0.18 | BH61: =BH62/(BK62-(L62+P62)) -> 0 | BI61: - | BJ61: Taxa | BK61: =SUM(T61,X61,AC61,AI61,AM61,AQ61,AU61,AY61,BC61,BG61) -> 1 | BL61: =SUM(T61,X61,AC61,AI61) -> 0.05 | BM61: =SUM(T61,X61,AC61,AI61,AM61) -> 0.13 | BN61: =SUM(U61,Y61,AE61,AJ61,AN61,AR61,AV61,AZ61,BD61,BH61) -> 0.010358466 | BP61: -
J62: GMV | L62: 25475.4 | M62: 24291.16 | N62: =IFERROR(M62-L62,"-") -> -1184.24 | O62: =IFERROR(M62/L62-1,"-") -> -0.046485629 | P62: 21320 | Q62: 20219.57 | R62: =IFERROR(Q62-P62,"-") -> -1100.43 | S62: =IFERROR(Q62/P62-1,"-") -> -0.051614916 | T62: =($BK$62-($L$62+$P$62))*T61 -> 29766.023 | U62: 23586.22 | V62: =IFERROR(U62-T62,"-") -> -6179.803 | W62: =IFERROR(U62/T62-1,"-") -> -0.20761265 | X62: =($BK$62-($L$62+$P$62))*X61 -> 29766.023 | Y62: 12117.53 | AA62: =IFERROR(Y62-X62,"-") -> -17648.493 | AB62: =IFERROR(Y62/X62-1,"-") -> -0.59290732 | AC62: =($BK$62-($L$62+$P$62))*AC61 -> 119064.09 | AE62: 13208.51 | AF62: =IFERROR(AE62-AC62,"-") -> -105855.58 | AH62: =IFERROR(AE62/AC62-1,"-") -> -0.88906387 | AI62: =($BK$62-($L$62+$P$62))*AI61 -> 119064.09 | AJ62: 9815.62 | AK62: =IFERROR(AJ62-AI62,"-") -> -109248.47 | AL62: =IFERROR(AJ62/AI62-1,"-") -> -0.9175602 | AM62: =($BK$62-($L$62+$P$62))*AM61 -> 476256.37 | AN62: 2938.19 | AO62: =IFERROR(AN62-AM62,"-") -> -473318.18 | AP62: =IFERROR(AN62/AM62-1,"-") -> -0.99383065 | AQ62: =($BK$62-($L$62+$P$62))*AQ61 -> 595320.46 | AR62: 0 | AS62: =IFERROR(AR62-AQ62,"-") -> -595320.46 | AT62: =IFERROR(AR62/AQ62-1,"-") -> -1 | AU62: =($BK$62-($L$62+$P$62))*AU61 -> 654852.51 | AV62: 0 | AW62: =IFERROR(AV62-AU62,"-") -> -654852.51 | AX62: =IFERROR(AV62/AU62-1,"-") -> -1 | AY62: =($BK$62-($L$62+$P$62))*AY61 -> 1071576.8 | AZ62: 0 | BA62: =IFERROR(AZ62-AY62,"-") -> -1071576.8 | BB62: =IFERROR(AZ62/AY62-1,"-") -> -1 | BC62: =($BK$62-($L$62+$P$62))*BC61 -> 1785961.4 | BD62: 0 | BE62: =IFERROR(BD62-BC62,"-") -> -1785961.4 | BF62: =IFERROR(BD62/BC62-1,"-") -> -1 | BG62: =($BK$62-($L$62+$P$62))*BG61 -> 1071576.8 | BH62: 0 | BI62: =IFERROR(BH62-BG62,"-") -> -1071576.8 | BJ62: =IFERROR(BH62/BG62-1,"-") -> -1 | BK62: 6000000 | BL62: =SUM(L62,P62,T62,X62,AC62,AI62) -> 344455.63 | BM62: =SUM(L62,P62,T62,X62,AC62,AI62,AM62) -> 820712 | BN62: =SUM(M62,Q62,U62,Y62,AE62,AJ62,AN62,AR62,AV62,AZ62,BD62,BH62) -> 106176.8 | BO62: =IFERROR(BN62/BK62-1,"-") -> -0.98230387 | BP62: 294165 | BQ62: =BK62/BP62 -> 20.396716
J63: Pedidos | L63: =L62/$K$64 -> 276.90652 | M63: 239 | N63: =IFERROR(M63-L63,"-") -> -37.906522 | O63: =IFERROR(M63/L63-1,"-") -> -0.13689285 | P63: =P62/$K$64 -> 231.73913 | Q63: 177 | R63: =IFERROR(Q63-P63,"-") -> -54.73913 | S63: =IFERROR(Q63/P63-1,"-") -> -0.23621013 | T63: =T62/$K$64 -> 323.54373 | U63: 204 | V63: =IFERROR(U63-T63,"-") -> -119.54373 | W63: =IFERROR(U63/T63-1,"-") -> -0.36948245 | X63: =X62/$K$64 -> 323.54373 | Y63: 99 | AA63: =IFERROR(Y63-X63,"-") -> -224.54373 | AB63: =IFERROR(Y63/X63-1,"-") -> -0.69401354 | AC63: =AC62/$K$64 -> 1294.1749 | AE63: 103 | AF63: =IFERROR(AE63-AC63,"-") -> -1191.1749 | AH63: =IFERROR(AE63/AC63-1,"-") -> -0.92041261 | AI63: =AI62/$K$64 -> 1294.1749 | AJ63: 89 | AK63: =IFERROR(AJ63-AI63,"-") -> -1205.1749 | AL63: =IFERROR(AJ63/AI63-1,"-") -> -0.93123032 | AM63: =AM62/$K$64 -> 5176.6997 | AN63: 31 | AO63: =IFERROR(AN63-AM63,"-") -> -5145.6997 | AP63: =IFERROR(AN63/AM63-1,"-") -> -0.99401163 | AQ63: =AQ62/$K$64 -> 6470.8746 | AR63: 0 | AS63: =IFERROR(AR63-AQ63,"-") -> -6470.8746 | AT63: =IFERROR(AR63/AQ63-1,"-") -> -1 | AU63: =AU62/$K$64 -> 7117.962 | AV63: 0 | AW63: =IFERROR(AV63-AU63,"-") -> -7117.962 | AX63: =IFERROR(AV63/AU63-1,"-") -> -1 | AY63: =AY62/$K$64 -> 11647.574 | AZ63: 0 | BA63: =IFERROR(AZ63-AY63,"-") -> -11647.574 | BB63: =IFERROR(AZ63/AY63-1,"-") -> -1 | BC63: =BC62/$K$64 -> 19412.624 | BD63: 0 | BE63: =IFERROR(BD63-BC63,"-") -> -19412.624 | BF63: =IFERROR(BD63/BC63-1,"-") -> -1 | BG63: =BG62/$K$64 -> 11647.574 | BH63: 0 | BI63: =IFERROR(BH63-BG63,"-") -> -11647.574 | BJ63: =IFERROR(BH63/BG63-1,"-") -> -1 | BK63: =SUM(L63,P63,T63,X63,AC63,AI63,AM63,AQ63,AU63,AY63,BC63,BG63) -> 65217.391 | BL63: =SUM(L63,P63,T63,X63,AC63,AI63) -> 3744.0829 | BM63: =SUM(L63,P63,T63,X63,AC63,AI63,AM63) -> 8920.7826 | BN63: =SUM(M63,Q63,U63,Y63,AE63,AJ63,AN63,AR63,AV63,AZ63,BD63,BH63) -> 942 | BO63: =IFERROR(BN63/BK63-1,"-") -> -0.985556 | BP63: 3683 | BQ63: =BK63/BP63 -> 17.707682
J64: Ticket Médio | K64: 92 | L64: =L62/L63 -> 92 | M64: =IFERROR(M62/M63,"-") -> 101.63665 | N64: =IFERROR(M64-L64,"-") -> 9.6366527 | O64: =IFERROR(M64/L64-1,"-") -> 0.10474623 | P64: =IFERROR(P62/P63,"-") -> 92 | Q64: =IFERROR(Q62/Q63,"-") -> 114.23486 | R64: =IFERROR(Q64-P64,"-") -> 22.234859 | S64: =IFERROR(Q64/P64-1,"-") -> 0.24168325 | T64: =T62/T63 -> 92 | U64: =IFERROR(U62/U63,"-") -> 115.61873 | V64: =IFERROR(U64-T64,"-") -> 23.618725 | W64: =IFERROR(U64/T64-1,"-") -> 0.25672528 | X64: =IFERROR(X62/X63,"-") -> 92 | Y64: =IFERROR(Y62/Y63,"-") -> 122.39929 | AA64: =IFERROR(Y64-X64,"-") -> 30.399293 | AB64: =IFERROR(Y64/X64-1,"-") -> 0.3304271 | AC64: =AC62/AC63 -> 92 | AE64: =IFERROR(AE62/AE63,"-") -> 128.23796 | AF64: =IFERROR(AE64-AC64,"-") -> 36.237961 | AH64: =IFERROR(AE64/AC64-1,"-") -> 0.39389088 | AI64: =AI62/AI63 -> 92 | AJ64: 110.28787 | AK64: =IFERROR(AJ64-AI64,"-") -> 18.287865 | AL64: =IFERROR(AJ64/AI64-1,"-") -> 0.19878114 | AM64: =AM62/AM63 -> 92 | AN64: 94.780323 | AO64: =IFERROR(AN64-AM64,"-") -> 2.7803226 | AP64: =IFERROR(AN64/AM64-1,"-") -> 0.030220898 | AQ64: =AQ62/AQ63 -> 92 | AR64: =IFERROR(AR62/AR63,"-") -> - | AS64: =IFERROR(AR64-AQ64,"-") -> - | AT64: =IFERROR(AR64/AQ64-1,"-") -> - | AU64: =AU62/AU63 -> 92 | AV64: =IFERROR(AV62/AV63,"-") -> - | AW64: =IFERROR(AV64-AU64,"-") -> - | AX64: =IFERROR(AV64/AU64-1,"-") -> - | AY64: =AY62/AY63 -> 92 | AZ64: =IFERROR(AZ62/AZ63,"-") -> - | BA64: =IFERROR(AZ64-AY64,"-") -> - | BB64: =IFERROR(AZ64/AY64-1,"-") -> - | BC64: =BC62/BC63 -> 92 | BD64: =IFERROR(BD62/BD63,"-") -> - | BE64: =IFERROR(BD64-BC64,"-") -> - | BF64: =IFERROR(BD64/BC64-1,"-") -> - | BG64: =BG62/BG63 -> 92 | BH64: =IFERROR(BH62/BH63,"-") -> - | BI64: =IFERROR(BH64-BG64,"-") -> - | BJ64: =IFERROR(BH64/BG64-1,"-") -> - | BK64: =BK62/BK63 -> 92 | BL64: =IFERROR(BL62/BL63,"-") -> 92 | BM64: =IFERROR(BM62/BM63,"-") -> 92 | BN64: =BN62/BN63 -> 112.71423 | BO64: =IFERROR(BN64/BK64-1,"-") -> 0.22515462 | BP64: =BP62/BP63 -> 79.871029 | BQ64: =BK64/BP64-1 -> 0.15185695
J65: Receita Hanzo | K65: 0.0325 | L65: =IF(L63=0, 0, (MIN(L63, 10000) * 0.0325 + MAX(0, MIN(L63, 25000) - 10000) * 0.03 + MAX(0, MIN(L63, 50000) - 25000) * 0.0275 + MAX(0, L63 - 50000) * 0.025) * (L62 / L63)) -> 827.9505 | M65: =MIN(M62, 500000) * 0.03 + MAX(0, MIN(M62, 1000000) - 500000) * 0.025 + MAX(0, MIN(M62, 2000000) - 1000000) * 0.0225 + MAX(0, MIN(M62, 3000000) - 2000000) * 0.02 + MAX(0, MIN(M62, 5000000) - 3000000) * 0.0175 + MAX(0, M62 - 5000000) * 0.015 -> 728.7348 | N65: =IFERROR(M65-L65,"-") -> -99.2157 | O65: =IFERROR(M65/L65-1,"-") -> -0.11983289 | P65: =IF(P63=0, 0, (MIN(P63, 10000) * 0.0325 + MAX(0, MIN(P63, 25000) - 10000) * 0.03 + MAX(0, MIN(P63, 50000) - 25000) * 0.0275 + MAX(0, P63 - 50000) * 0.025) * (P62 / P63)) -> 692.9 | Q65: =IF(Q63=0, 0, (MIN(Q63, 10000) * 0.0325 + MAX(0, MIN(Q63, 25000) - 10000) * 0.03 + MAX(0, MIN(Q63, 50000) - 25000) * 0.0275 + MAX(0, Q63 - 50000) * 0.025) * (Q62 / Q63)) -> 657.13603 | R65: =IFERROR(Q65-P65,"-") -> -35.763975 | S65: =IFERROR(Q65/P65-1,"-") -> -0.051614916 | T65: =IF(T63=0, 0, (MIN(T63, 10000) * 0.0325 + MAX(0, MIN(T63, 25000) - 10000) * 0.03 + MAX(0, MIN(T63, 50000) - 25000) * 0.0275 + MAX(0, T63 - 50000) * 0.025) * (T62 / T63)) -> 967.39575 | U65: =IF(U63=0, 0, (MIN(U63, 10000) * 0.0325 + MAX(0, MIN(U63, 25000) - 10000) * 0.03 + MAX(0, MIN(U63, 50000) - 25000) * 0.0275 + MAX(0, U63 - 50000) * 0.025) * (U62 / U63)) -> 766.55215 | V65: =IFERROR(U65-T65,"-") -> -200.8436 | W65: =IFERROR(U65/T65-1,"-") -> -0.20761265 | X65: =IF(X63=0, 0, (MIN(X63, 10000) * 0.0325 + MAX(0, MIN(X63, 25000) - 10000) * 0.03 + MAX(0, MIN(X63, 50000) - 25000) * 0.0275 + MAX(0, X63 - 50000) * 0.025) * (X62 / X63)) -> 967.39575 | Y65: =IF(Y63=0, 0, (MIN(Y63, 10000) * 0.0325 + MAX(0, MIN(Y63, 25000) - 10000) * 0.03 + MAX(0, MIN(Y63, 50000) - 25000) * 0.0275 + MAX(0, Y63 - 50000) * 0.025) * (Y62 / Y63)) -> 393.81973 | AA65: =IFERROR(Y65-X65,"-") -> -573.57602 | AB65: =IFERROR(Y65/X65-1,"-") -> -0.59290732 | AC65: =IF(AC63=0, 0, (MIN(AC63, 10000) * 0.0325 + MAX(0, MIN(AC63, 25000) - 10000) * 0.03 + MAX(0, MIN(AC63, 50000) - 25000) * 0.0275 + MAX(0, AC63 - 50000) * 0.025) * (AC62 / AC63)) -> 3869.583 | AE65: =IF(AE63=0, 0, (MIN(AE63, 10000) * 0.0325 + MAX(0, MIN(AE63, 25000) - 10000) * 0.03 + MAX(0, MIN(AE63, 50000) - 25000) * 0.0275 + MAX(0, AE63 - 50000) * 0.025) * (AE62 / AE63)) -> 429.27657 | AF65: =IFERROR(AE65-AC65,"-") -> -3440.3064 | AH65: =IFERROR(AE65/AC65-1,"-") -> -0.88906387 | AI65: =IF(AI63=0, 0, (MIN(AI63, 10000) * 0.0325 + MAX(0, MIN(AI63, 25000) - 10000) * 0.03 + MAX(0, MIN(AI63, 50000) - 25000) * 0.0275 + MAX(0, AI63 - 50000) * 0.025) * (AI62 / AI63)) -> 3869.583 | AJ65: 319.00765 | AK65: =IFERROR(AJ65-AI65,"-") -> -3550.5753 | AL65: =IFERROR(AJ65/AI65-1,"-") -> -0.9175602 | AM65: =IF(AM63=0, 0, (MIN(AM63, 10000) * 0.0325 + MAX(0, MIN(AM63, 25000) - 10000) * 0.03 + MAX(0, MIN(AM63, 50000) - 25000) * 0.0275 + MAX(0, AM63 - 50000) * 0.025) * (AM62 / AM63)) -> 15478.332 | AN65: 95.491175 | AO65: =IFERROR(AN65-AM65,"-") -> -15382.841 | AP65: =IFERROR(AN65/AM65-1,"-") -> -0.99383065 | AQ65: =IF(AQ63=0, 0, (MIN(AQ63, 10000) * 0.0325 + MAX(0, MIN(AQ63, 25000) - 10000) * 0.03 + MAX(0, MIN(AQ63, 50000) - 25000) * 0.0275 + MAX(0, AQ63 - 50000) * 0.025) * (AQ62 / AQ63)) -> 19347.915 | AR65: =IF(AR63=0, 0, (MIN(AR63, 10000) * 0.0325 + MAX(0, MIN(AR63, 25000) - 10000) * 0.03 + MAX(0, MIN(AR63, 50000) - 25000) * 0.0275 + MAX(0, AR63 - 50000) * 0.025) * (AR62 / AR63)) -> 0 | AS65: =IFERROR(AR65-AQ65,"-") -> -19347.915 | AT65: =IFERROR(AR65/AQ65-1,"-") -> -1 | AU65: =IF(AU63=0, 0, (MIN(AU63, 10000) * 0.0325 + MAX(0, MIN(AU63, 25000) - 10000) * 0.03 + MAX(0, MIN(AU63, 50000) - 25000) * 0.0275 + MAX(0, AU63 - 50000) * 0.025) * (AU62 / AU63)) -> 21282.706 | AV65: =IF(AV63=0, 0, (MIN(AV63, 10000) * 0.0325 + MAX(0, MIN(AV63, 25000) - 10000) * 0.03 + MAX(0, MIN(AV63, 50000) - 25000) * 0.0275 + MAX(0, AV63 - 50000) * 0.025) * (AV62 / AV63)) -> 0 | AW65: =IFERROR(AV65-AU65,"-") -> -21282.706 | AX65: =IFERROR(AV65/AU65-1,"-") -> -1 | AY65: =IF(AY63=0, 0, (MIN(AY63, 10000) * 0.0325 + MAX(0, MIN(AY63, 25000) - 10000) * 0.03 + MAX(0, MIN(AY63, 50000) - 25000) * 0.0275 + MAX(0, AY63 - 50000) * 0.025) * (AY62 / AY63)) -> 34447.305 | AZ65: =IF(AZ63=0, 0, (MIN(AZ63, 10000) * 0.0325 + MAX(0, MIN(AZ63, 25000) - 10000) * 0.03 + MAX(0, MIN(AZ63, 50000) - 25000) * 0.0275 + MAX(0, AZ63 - 50000) * 0.025) * (AZ62 / AZ63)) -> 0 | BA65: =IFERROR(AZ65-AY65,"-") -> -34447.305 | BB65: =IFERROR(AZ65/AY65-1,"-") -> -1 | BC65: =IF(BC63=0, 0, (MIN(BC63, 10000) * 0.0325 + MAX(0, MIN(BC63, 25000) - 10000) * 0.03 + MAX(0, MIN(BC63, 50000) - 25000) * 0.0275 + MAX(0, BC63 - 50000) * 0.025) * (BC62 / BC63)) -> 55878.841 | BD65: =IF(BD63=0, 0, (MIN(BD63, 10000) * 0.0325 + MAX(0, MIN(BD63, 25000) - 10000) * 0.03 + MAX(0, MIN(BD63, 50000) - 25000) * 0.0275 + MAX(0, BD63 - 50000) * 0.025) * (BD62 / BD63)) -> 0 | BE65: =IFERROR(BD65-BC65,"-") -> -55878.841 | BF65: =IFERROR(BD65/BC65-1,"-") -> -1 | BG65: =IF(BG63=0, 0, (MIN(BG63, 10000) * 0.0325 + MAX(0, MIN(BG63, 25000) - 10000) * 0.03 + MAX(0, MIN(BG63, 50000) - 25000) * 0.0275 + MAX(0, BG63 - 50000) * 0.025) * (BG62 / BG63)) -> 34447.305 | BH65: =IF(BH63=0, 0, (MIN(BH63, 10000) * 0.0325 + MAX(0, MIN(BH63, 25000) - 10000) * 0.03 + MAX(0, MIN(BH63, 50000) - 25000) * 0.0275 + MAX(0, BH63 - 50000) * 0.025) * (BH62 / BH63)) -> 0 | BI65: =IFERROR(BH65-BG65,"-") -> -34447.305 | BJ65: =IFERROR(BH65/BG65-1,"-") -> -1 | BK65: =SUM(L65,P65,T65,X65,AC65,AI65,AM65,AQ65,AU65,AY65,BC65,BG65) -> 192077.21 | BL65: =SUM(L65,P65,T65,X65,AC65,AI65) -> 11194.808 | BM65: =SUM(L65,P65,T65,X65,AC65,AI65,AM65) -> 26673.14 | BN65: =SUM(M65,Q65,U65,Y65,AE65,AJ65,AN65,AR65,AV65,AZ65,BD65,BH65) -> 3390.0181 | BO65: =IFERROR(BN65/BK65-1,"-") -> -0.98235075 | BP65: =BP62*0.0325 -> 9560.3625 | BQ65: =BK65/BP65 -> 20.090997
J67: MILK MOO (+780) | L67: jan | M67: jan (real) | N67: Diferença (jan) | O67: Comparativo (jan) | P67: fev | Q67: fev (real) | R67: Diferença (fev) | S67: Comparativo (fev) | T67: mar | U67: mar (real) | V67: Diferença (mar) | W67: Comparativo (mar) | X67: abr | Y67: abr (real) | AA67: Diferença (abr) | AB67: Comparativo (abr) | AC67: mai | AE67: mai (real) | AF67: Diferença (mai) | AH67: Comparativo (mai) | AI67: jun | AJ67: jun (real) | AK67: Diferença (jun) | AL67: Comparativo (jun) | AM67: jul | AN67: jul (real) | AO67: Diferença (jul) | AP67: Comparativo (jul) | AQ67: ago | AR67: ago (real) | AS67: Diferença (ago) | AT67: Comparativo (ago) | AU67: set | AV67: set (real) | AW67: Diferença (set) | AX67: Comparativo (set) | AY67: out | AZ67: out (real) | BA67: Diferença (out) | BB67: Comparativo (out) | BC67: nov | BD67: nov (real) | BE67: Diferença (nov) | BF67: Comparativo (nov) | BG67: dez | BH67: dez (real) | BI67: Diferença (dez) | BJ67: Comparativo (dez) | BK67: 2026 (Projeção) | BL67: 2026 (Projeção Jun) | BM67: 2026 (Projeção até Jul) | BN67: 2026 (real) | BO67: 2026 (Projeção x Real) | BP67: 2025
B69: 10 | C69: OLIVERS | D69: =3000*12*8 -> 288000 | E69: 100 | F69: =E69*D69 -> 28800000 | G69: 195455.9 | H69: 1727 | I69: 113.17655 | J69: % do mês no ano | L69: - | M69: - | N69: - | O69: Taxa | P69: - | Q69: - | R69: - | S69: Taxa | T69: 0.015 | U69: =U70/(BK70-(L70 + P70)) -> 0.019459414 | V69: - | W69: Taxa | X69: 0.015 | Y69: =Y70/(BK70-(P70 + T70)) -> 0.017562081 | AA69: - | AB69: Taxa | AC69: 0.02 | AE69: =AE70/(BK70-(L70+P70)) -> 0.014961131 | AF69: - | AH69: Taxa | AI69: 0.04 | AJ69: 0.010944703 | AK69: - | AL69: Taxa | AM69: 0.06 | AN69: 0.0069019732 | AO69: - | AP69: Taxa | AQ69: 0.12 | AR69: =AR70/(BK70-(L70+P70)) -> 0 | AS69: - | AT69: Taxa | AU69: 0.15 | AV69: =AV70/(BK70-(L70+P70)) -> 0 | AW69: - | AX69: Taxa | AY69: 0.18 | AZ69: =AZ70/(BK70-(L70+P70)) -> 0 | BA69: - | BB69: Taxa | BC69: 0.22 | BD69: =BD70/(BK70-(L70+P70)) -> 0 | BE69: - | BF69: Taxa | BG69: 0.18 | BH69: =BH70/(BK70-(L70+P70)) -> 0 | BI69: - | BJ69: Taxa | BK69: =SUM(T69,X69,AC69,AI69,AM69,AQ69,AU69,AY69,BC69,BG69) -> 1 | BL69: =SUM(T69,X69,AC69,AI69) -> 0.09 | BM69: =SUM(T69,X69,AC69,AI69,AM69) -> 0.15 | BN69: =SUM(U69,Y69,AE69,AJ69,AN69,AR69,AV69,AZ69,BD69,BH69) -> 0.069829302 | BP69: -
J70: GMV | L70: 159323.5 | M70: 166359.97 | N70: =IFERROR(M70-L70,"-") -> 7036.47 | O70: =IFERROR(M70/L70-1,"-") -> 0.044164671 | P70: 163059 | Q70: 168706.64 | R70: =IFERROR(Q70-P70,"-") -> 5647.64 | S70: =IFERROR(Q70/P70-1,"-") -> 0.034635561 | T70: =($BK$70-($L$70+$P$70))*T69 -> 205164.26 | U70: 266158.42 | V70: =IFERROR(U70-T70,"-") -> 60994.158 | W70: =IFERROR(U70/T70-1,"-") -> 0.29729426 | X70: =($BK$70-($L$70+$P$70))*X69 -> 205164.26 | Y70: 239402.37 | AA70: =IFERROR(Y70-X70,"-") -> 34238.107 | AB70: =IFERROR(Y70/X70-1,"-") -> 0.16688144 | AC70: =($BK$70-($L$70+$P$70))*AC69 -> 273552.35 | AE70: 204632.63 | AF70: =IFERROR(AE70-AC70,"-") -> -68919.72 | AH70: =IFERROR(AE70/AC70-1,"-") -> -0.25194344 | AI70: =($BK$70-($L$70+$P$70))*AI69 -> 547104.7 | AJ70: 149697.46 | AK70: =IFERROR(AJ70-AI70,"-") -> -397407.24 | AL70: =IFERROR(AJ70/AI70-1,"-") -> -0.72638243 | AM70: =($BK$70-($L$70+$P$70))*AM69 -> 820657.05 | AN70: 94402.55 | AO70: =IFERROR(AN70-AM70,"-") -> -726254.5 | AP70: =IFERROR(AN70/AM70-1,"-") -> -0.88496711 | AQ70: =($BK$70-($L$70+$P$70))*AQ69 -> 1641314.1 | AR70: 0 | AS70: =IFERROR(AR70-AQ70,"-") -> -1641314.1 | AT70: =IFERROR(AR70/AQ70-1,"-") -> -1 | AU70: =($BK$70-($L$70+$P$70))*AU69 -> 2051642.6 | AV70: 0 | AW70: =IFERROR(AV70-AU70,"-") -> -2051642.6 | AX70: =IFERROR(AV70/AU70-1,"-") -> -1 | AY70: =($BK$70-($L$70+$P$70))*AY69 -> 2461971.1 | AZ70: 0 | BA70: =IFERROR(AZ70-AY70,"-") -> -2461971.1 | BB70: =IFERROR(AZ70/AY70-1,"-") -> -1 | BC70: =($BK$70-($L$70+$P$70))*BC69 -> 3009075.9 | BD70: 0 | BE70: =IFERROR(BD70-BC70,"-") -> -3009075.9 | BF70: =IFERROR(BD70/BC70-1,"-") -> -1 | BG70: =($BK$70-($L$70+$P$70))*BG69 -> 2461971.1 | BH70: 0 | BI70: =IFERROR(BH70-BG70,"-") -> -2461971.1 | BJ70: =IFERROR(BH70/BG70-1,"-") -> -1 | BK70: 14000000 | BL70: =SUM(L70,P70,T70,X70,AC70,AI70) -> 1553368.1 | BM70: =SUM(L70,P70,T70,X70,AC70,AI70,AM70) -> 2374025.1 | BN70: =SUM(M70,Q70,U70,Y70,AE70,AJ70,AN70,AR70,AV70,AZ70,BD70,BH70) -> 1289360 | BO70: =IFERROR(BN70/BK70-1,"-") -> -0.90790285 | BP70: 1580676 | BQ70: =BK70/BP70 -> 8.8569701
J71: Pedidos | L71: =L70/$K$72 -> 5310.7833 | M71: 5222 | N71: =IFERROR(M71-L71,"-") -> -88.783333 | O71: =IFERROR(M71/L71-1,"-") -> -0.016717559 | P71: =P70/$K$72 -> 5435.3 | Q71: 5242 | R71: =IFERROR(Q71-P71,"-") -> -193.3 | S71: =IFERROR(Q71/P71-1,"-") -> -0.035563814 | T71: =T70/$K$72 -> 6838.8088 | U71: 9743 | V71: =IFERROR(U71-T71,"-") -> 2904.1912 | W71: =IFERROR(U71/T71-1,"-") -> 0.42466332 | X71: =X70/$K$72 -> 6838.8088 | Y71: 9807 | AA71: =IFERROR(Y71-X71,"-") -> 2968.1912 | AB71: =IFERROR(Y71/X71-1,"-") -> 0.43402168 | AC71: =AC70/$K$72 -> 9118.4117 | AE71: 7784 | AF71: =IFERROR(AE71-AC71,"-") -> -1334.4117 | AH71: =IFERROR(AE71/AC71-1,"-") -> -0.14634256 | AI71: =AI70/$K$72 -> 18236.823 | AJ71: 4674 | AK71: =IFERROR(AJ71-AI71,"-") -> -13562.823 | AL71: =IFERROR(AJ71/AI71-1,"-") -> -0.74370536 | AM71: =AM70/$K$72 -> 27355.235 | AN71: 2609 | AO71: =IFERROR(AN71-AM71,"-") -> -24746.235 | AP71: =IFERROR(AN71/AM71-1,"-") -> -0.9046252 | AQ71: =AQ70/$K$72 -> 54710.47 | AR71: 0 | AS71: =IFERROR(AR71-AQ71,"-") -> -54710.47 | AT71: =IFERROR(AR71/AQ71-1,"-") -> -1 | AU71: =AU70/$K$72 -> 68388.087 | AV71: 0 | AW71: =IFERROR(AV71-AU71,"-") -> -68388.087 | AX71: =IFERROR(AV71/AU71-1,"-") -> -1 | AY71: =AY70/$K$72 -> 82065.705 | AZ71: 0 | BA71: =IFERROR(AZ71-AY71,"-") -> -82065.705 | BB71: =IFERROR(AZ71/AY71-1,"-") -> -1 | BC71: =BC70/$K$72 -> 100302.53 | BD71: 0 | BE71: =IFERROR(BD71-BC71,"-") -> -100302.53 | BF71: =IFERROR(BD71/BC71-1,"-") -> -1 | BG71: =BG70/$K$72 -> 82065.705 | BH71: 0 | BI71: =IFERROR(BH71-BG71,"-") -> -82065.705 | BJ71: =IFERROR(BH71/BG71-1,"-") -> -1 | BK71: =SUM(L71,P71,T71,X71,AC71,AI71,AM71,AQ71,AU71,AY71,BC71,BG71) -> 466666.67 | BL71: =SUM(L71,P71,T71,X71,AC71,AI71) -> 51778.936 | BM71: =SUM(L71,P71,T71,X71,AC71,AI71,AM71) -> 79134.171 | BN71: =SUM(M71,Q71,U71,Y71,AE71,AJ71,AN71,AR71,AV71,AZ71,BD71,BH71) -> 45081 | BO71: =IFERROR(BN71/BK71-1,"-") -> -0.90339786 | BP71: 66013 | BQ71: =BK71/BP71 -> 7.0693146
J72: Ticket Médio | K72: 30 | L72: =L70/L71 -> 30 | M72: =IFERROR(M70/M71,"-") -> 31.85752 | N72: =IFERROR(M72-L72,"-") -> 1.8575201 | O72: =IFERROR(M72/L72-1,"-") -> 0.061917337 | P72: =IFERROR(P70/P71,"-") -> 30 | Q72: =IFERROR(Q70/Q71,"-") -> 32.18364 | R72: =IFERROR(Q72-P72,"-") -> 2.1836398 | S72: =IFERROR(Q72/P72-1,"-") -> 0.072787994 | T72: =T70/T71 -> 30 | U72: =IFERROR(U70/U71,"-") -> 27.317912 | V72: =IFERROR(U72-T72,"-") -> -2.6820877 | W72: =IFERROR(U72/T72-1,"-") -> -0.089402922 | X72: =IFERROR(X70/X71,"-") -> 30 | Y72: =IFERROR(Y70/Y71,"-") -> 24.411377 | AA72: =IFERROR(Y72-X72,"-") -> -5.5886234 | AB72: =IFERROR(Y72/X72-1,"-") -> -0.18628745 | AC72: =AC70/AC71 -> 30 | AE72: =IFERROR(AE70/AE71,"-") -> 26.288878 | AF72: =IFERROR(AE72-AC72,"-") -> -3.7111215 | AH72: =IFERROR(AE72/AC72-1,"-") -> -0.12370405 | AI72: =AI70/AI71 -> 30 | AJ72: 32.027698 | AK72: =IFERROR(AJ72-AI72,"-") -> 2.0276979 | AL72: =IFERROR(AJ72/AI72-1,"-") -> 0.06758993 | AM72: =AM70/AM71 -> 30 | AN72: 36.183423 | AO72: =IFERROR(AN72-AM72,"-") -> 6.1834228 | AP72: =IFERROR(AN72/AM72-1,"-") -> 0.20611409 | AQ72: =AQ70/AQ71 -> 30 | AR72: =IFERROR(AR70/AR71,"-") -> - | AS72: =IFERROR(AR72-AQ72,"-") -> - | AT72: =IFERROR(AR72/AQ72-1,"-") -> - | AU72: =AU70/AU71 -> 30 | AV72: =IFERROR(AV70/AV71,"-") -> - | AW72: =IFERROR(AV72-AU72,"-") -> - | AX72: =IFERROR(AV72/AU72-1,"-") -> - | AY72: =AY70/AY71 -> 30 | AZ72: =IFERROR(AZ70/AZ71,"-") -> - | BA72: =IFERROR(AZ72-AY72,"-") -> - | BB72: =IFERROR(AZ72/AY72-1,"-") -> - | BC72: =BC70/BC71 -> 30 | BD72: =IFERROR(BD70/BD71,"-") -> - | BE72: =IFERROR(BD72-BC72,"-") -> - | BF72: =IFERROR(BD72/BC72-1,"-") -> - | BG72: =BG70/BG71 -> 30 | BH72: =IFERROR(BH70/BH71,"-") -> - | BI72: =IFERROR(BH72-BG72,"-") -> - | BJ72: =IFERROR(BH72/BG72-1,"-") -> - | BK72: =BK70/BK71 -> 30 | BL72: =IFERROR(BL70/BL71,"-") -> 30 | BM72: =IFERROR(BM70/BM71,"-") -> 30 | BN72: =BN70/BN71 -> 28.600964 | BO72: =IFERROR(BN72/BK72-1,"-") -> -0.046634547 | BP72: =BP70/BP71 -> 23.94492 | BQ72: =BK72/BP72-1 -> 0.25287535
J73: Receita Hanzo | K73: 0.04 | L73: =IF(L70>=1000000,$K$73*L70,0) -> 0 | M73: =IF(M70>=1000000,$K$73*M70,0) -> 0 | N73: =IFERROR(M73-L73,"-") -> 0 | O73: =IFERROR(M73/L73-1,"-") -> - | P73: =IF(P70>=1000000,$K$73*P70,0) -> 0 | Q73: =IF(Q70>=1000000,$K$73*Q70,0) -> 0 | R73: =IFERROR(Q73-P73,"-") -> 0 | S73: =IFERROR(Q73/P73-1,"-") -> - | T73: =IF(T70>=1000000,$K$73*T70,0) -> 0 | U73: =IF(U70>=1000000,$K$73*U70,0) -> 0 | V73: =IFERROR(U73-T73,"-") -> 0 | W73: =IFERROR(U73/T73-1,"-") -> - | X73: =IF(X70>=1000000,$K$73*X70,0) -> 0 | Y73: =IF(Y70>=1000000,$K$73*Y70,0) -> 0 | AA73: =IFERROR(Y73-X73,"-") -> 0 | AB73: =IFERROR(Y73/X73-1,"-") -> - | AC73: =IF(AC70>=1000000,$K$73*AC70,0) -> 0 | AE73: =IF(AE70>=1000000,$K$73*AE70,0) -> 0 | AF73: =IFERROR(AE73-AC73,"-") -> 0 | AH73: =IFERROR(AE73/AC73-1,"-") -> - | AI73: =IF(AI70>=1000000,$K$73*AI70,0) -> 0 | AJ73: 0 | AK73: =IFERROR(AJ73-AI73,"-") -> 0 | AL73: =IFERROR(AJ73/AI73-1,"-") -> - | AM73: =IF(AM70>=1000000,$K$73*AM70,0) -> 0 | AN73: 0 | AO73: =IFERROR(AN73-AM73,"-") -> 0 | AP73: =IFERROR(AN73/AM73-1,"-") -> - | AQ73: =IF(AQ70>=1000000,$K$73*AQ70,0) -> 65652.564 | AR73: =IF(AR70>=1000000,$K$73*AR70,0) -> 0 | AS73: =IFERROR(AR73-AQ73,"-") -> -65652.564 | AT73: =IFERROR(AR73/AQ73-1,"-") -> -1 | AU73: =IF(AU70>=1000000,$K$73*AU70,0) -> 82065.705 | AV73: =IF(AV70>=1000000,$K$73*AV70,0) -> 0 | AW73: =IFERROR(AV73-AU73,"-") -> -82065.705 | AX73: =IFERROR(AV73/AU73-1,"-") -> -1 | AY73: =IF(AY70>=1000000,$K$73*AY70,0) -> 98478.846 | AZ73: =IF(AZ70>=1000000,$K$73*AZ70,0) -> 0 | BA73: =IFERROR(AZ73-AY73,"-") -> -98478.846 | BB73: =IFERROR(AZ73/AY73-1,"-") -> -1 | BC73: =IF(BC70>=1000000,$K$73*BC70,0) -> 120363.03 | BD73: =IF(BD70>=1000000,$K$73*BD70,0) -> 0 | BE73: =IFERROR(BD73-BC73,"-") -> -120363.03 | BF73: =IFERROR(BD73/BC73-1,"-") -> -1 | BG73: =IF(BG70>=1000000,$K$73*BG70,0) -> 98478.846 | BH73: =IF(BH70>=1000000,$K$73*BH70,0) -> 0 | BI73: =IFERROR(BH73-BG73,"-") -> -98478.846 | BJ73: =IFERROR(BH73/BG73-1,"-") -> -1 | BK73: =SUM(L73,P73,T73,X73,AC73,AI73,AM73,AQ73,AU73,AY73,BC73,BG73) -> 465038.99 | BL73: =SUM(L73,P73,T73,X73,AC73,AI73) -> 0 | BM73: =SUM(L73,P73,T73,X73,AC73,AI73,AM73) -> 0 | BN73: =SUM(M73,Q73,U73,Y73,AE73,AJ73,AN73,AR73,AV73,AZ73,BD73,BH73) -> 0 | BO73: =IFERROR(BN73/BK73-1,"-") -> -1 | BP73: =BP70*0.04 -> 63227.04 | BQ73: =BK73/BP73 -> 7.3550651
J75: OLIVERS (8) | L75: jan | M75: jan (real) | N75: Diferença (jan) | O75: Comparativo (jan) | P75: fev | Q75: fev (real) | R75: Diferença (fev) | S75: Comparativo (fev) | T75: mar | U75: mar (real) | V75: Diferença (mar) | W75: Comparativo (mar) | X75: abr | Y75: abr (real) | AA75: Diferença (abr) | AB75: Comparativo (abr) | AC75: mai | AE75: mai (real) | AF75: Diferença (mai) | AH75: Comparativo (mai) | AI75: jun | AJ75: jun (real) | AK75: Diferença (jun) | AL75: Comparativo (jun) | AM75: jul | AN75: jul (real) | AO75: Diferença (jul) | AP75: Comparativo (jul) | AQ75: ago | AR75: ago (real) | AS75: Diferença (ago) | AT75: Comparativo (ago) | AU75: set | AV75: set (real) | AW75: Diferença (set) | AX75: Comparativo (set) | AY75: out | AZ75: out (real) | BA75: Diferença (out) | BB75: Comparativo (out) | BC75: nov | BD75: nov (real) | BE75: Diferença (nov) | BF75: Comparativo (nov) | BG75: dez | BH75: dez (real) | BI75: Diferença (dez) | BJ75: Comparativo (dez) | BK75: 2026 (Projeção) | BL75: 2026 (Projeção Jun) | BM75: 2026 (Projeção até Jul) | BN75: 2026 (real) | BO75: 2026 (Projeção x Real) | BP75: 2025
B77: 11 | C77: PAPILA | D77: =80000*12 -> 960000 | E77: 60 | F77: =E77*D77 -> 57600000 | G77: 409141.49 | H77: 13480 | I77: 30.351743 | J77: % do mês no ano | L77: - | M77: - | N77: - | O77: Taxa | P77: - | Q77: - | R77: - | S77: Taxa | T77: 0.03 | U77: =U78/(BK78-(L78 + P78)) -> 0.013375794 | V77: - | W77: Taxa | X77: 0.03 | Y77: =Y78/(BK78-(L78+P78)) -> 0.013877956 | AA77: - | AB77: Taxa | AC77: 0.05 | AE77: =AE78/(BK78-(L78+P78)) -> 0.012833469 | AF77: - | AH77: Taxa | AI77: 0.08 | AJ77: 0.0074270766 | AK77: - | AL77: Taxa | AM77: 0.1 | AN77: 0.0044361047 | AO77: - | AP77: Taxa | AQ77: 0.15 | AR77: =AR78/(BK78-(L78+P78)) -> 0 | AS77: - | AT77: Taxa | AU77: 0.15 | AV77: =AV78/(BK78-(L78+P78)) -> 0 | AW77: - | AX77: Taxa | AY77: 0.12 | AZ77: =AZ78/(BK78-(L78+P78)) -> 0 | BA77: - | BB77: Taxa | BC77: 0.16 | BD77: =BD78/(BK78-(L78+P78)) -> 0 | BE77: - | BF77: Taxa | BG77: 0.13 | BH77: =BH78/(BK78-(L78+P78)) -> 0 | BI77: - | BJ77: Taxa | BK77: =SUM(T77,X77,AC77,AI77,AM77,AQ77,AU77,AY77,BC77,BG77) -> 1 | BL77: =SUM(T77,X77,AC77,AI77) -> 0.19 | BM77: =SUM(T77,X77,AC77,AI77,AM77) -> 0.29 | BN77: =SUM(U77,Y77,AE77,AJ77,AN77,AR77,AV77,AZ77,BD77,BH77) -> 0.0519504 | BP77: -
J78: GMV | L78: 50234 | M78: 50234.24 | N78: =IFERROR(M78-L78,"-") -> 0.24 | O78: =IFERROR(M78/L78-1,"-") -> 4.7776406e-06 | P78: 49484 | Q78: 48919.78 | R78: =IFERROR(Q78-P78,"-") -> -564.22 | S78: =IFERROR(Q78/P78-1,"-") -> -0.011402069 | T78: =($BK$78-($L$78+$P$78))*T77 -> 57008.46 | U78: 25417.78 | V78: =IFERROR(U78-T78,"-") -> -31590.68 | W78: =IFERROR(U78/T78-1,"-") -> -0.55414021 | X78: =($BK$78-($L$78+$P$78))*X77 -> 57008.46 | Y78: 26372.03 | AA78: =IFERROR(Y78-X78,"-") -> -30636.43 | AB78: =IFERROR(Y78/X78-1,"-") -> -0.53740147 | AC78: =($BK$78-($L$78+$P$78))*AC77 -> 95014.1 | AE78: 24387.21 | AF78: =IFERROR(AE78-AC78,"-") -> -70626.89 | AH78: =IFERROR(AE78/AC78-1,"-") -> -0.74333062 | AI78: =($BK$78-($L$78+$P$78))*AI77 -> 152022.56 | AJ78: 14113.54 | AK78: =IFERROR(AJ78-AI78,"-") -> -137909.02 | AL78: =IFERROR(AJ78/AI78-1,"-") -> -0.90716154 | AM78: =($BK$78-($L$78+$P$78))*AM77 -> 190028.2 | AN78: 8429.85 | AO78: =IFERROR(AN78-AM78,"-") -> -181598.35 | AP78: =IFERROR(AN78/AM78-1,"-") -> -0.95563895 | AQ78: =($BK$78-($L$78+$P$78))*AQ77 -> 285042.3 | AR78: 0 | AS78: =IFERROR(AR78-AQ78,"-") -> -285042.3 | AT78: =IFERROR(AR78/AQ78-1,"-") -> -1 | AU78: =($BK$78-($L$78+$P$78))*AU77 -> 285042.3 | AV78: 0 | AW78: =IFERROR(AV78-AU78,"-") -> -285042.3 | AX78: =IFERROR(AV78/AU78-1,"-") -> -1 | AY78: =($BK$78-($L$78+$P$78))*AY77 -> 228033.84 | AZ78: 0 | BA78: =IFERROR(AZ78-AY78,"-") -> -228033.84 | BB78: =IFERROR(AZ78/AY78-1,"-") -> -1 | BC78: =($BK$78-($L$78+$P$78))*BC77 -> 304045.12 | BD78: 0 | BE78: =IFERROR(BD78-BC78,"-") -> -304045.12 | BF78: =IFERROR(BD78/BC78-1,"-") -> -1 | BG78: =($BK$78-($L$78+$P$78))*BG77 -> 247036.66 | BH78: 0 | BI78: =IFERROR(BH78-BG78,"-") -> -247036.66 | BJ78: =IFERROR(BH78/BG78-1,"-") -> -1 | BK78: 2000000 | BL78: =SUM(L78,P78,T78,X78,AC78,AI78) -> 460771.58 | BM78: =SUM(L78,P78,T78,X78,AC78,AI78,AM78) -> 650799.78 | BN78: =SUM(M78,Q78,U78,Y78,AE78,AJ78,AN78,AR78,AV78,AZ78,BD78,BH78) -> 197874.43 | BO78: =IFERROR(BN78/BK78-1,"-") -> -0.90106279 | BP78: 195455.9 | BQ78: =BK78/BP78 -> 10.232487
J79: Pedidos | L79: =L78/$K$80 -> 440.64912 | M79: 430 | N79: =IFERROR(M79-L79,"-") -> -10.649123 | O79: =IFERROR(M79/L79-1,"-") -> -0.024166899 | P79: =P78/$K$80 -> 434.07018 | Q79: 424 | R79: =IFERROR(Q79-P79,"-") -> -10.070175 | S79: =IFERROR(Q79/P79-1,"-") -> -0.023199418 | T79: =T78/$K$80 -> 500.07421 | U79: 217 | V79: =IFERROR(U79-T79,"-") -> -283.07421 | W79: =IFERROR(U79/T79-1,"-") -> -0.56606441 | X79: =X78/$K$80 -> 500.07421 | Y79: 249 | AA79: =IFERROR(Y79-X79,"-") -> -251.07421 | AB79: =IFERROR(Y79/X79-1,"-") -> -0.5020739 | AC79: =AC78/$K$80 -> 833.45702 | AE79: 222 | AF79: =IFERROR(AE79-AC79,"-") -> -611.45702 | AH79: =IFERROR(AE79/AC79-1,"-") -> -0.73363953 | AI79: =AI78/$K$80 -> 1333.5312 | AJ79: 126 | AK79: =IFERROR(AJ79-AI79,"-") -> -1207.5312 | AL79: =IFERROR(AJ79/AI79-1,"-") -> -0.90551402 | AM79: =AM78/$K$80 -> 1666.914 | AN79: 68 | AO79: =IFERROR(AN79-AM79,"-") -> -1598.914 | AP79: =IFERROR(AN79/AM79-1,"-") -> -0.95920605 | AQ79: =AQ78/$K$80 -> 2500.3711 | AR79: 0 | AS79: =IFERROR(AR79-AQ79,"-") -> -2500.3711 | AT79: =IFERROR(AR79/AQ79-1,"-") -> -1 | AU79: =AU78/$K$80 -> 2500.3711 | AV79: 0 | AW79: =IFERROR(AV79-AU79,"-") -> -2500.3711 | AX79: =IFERROR(AV79/AU79-1,"-") -> -1 | AY79: =AY78/$K$80 -> 2000.2968 | AZ79: 0 | BA79: =IFERROR(AZ79-AY79,"-") -> -2000.2968 | BB79: =IFERROR(AZ79/AY79-1,"-") -> -1 | BC79: =BC78/$K$80 -> 2667.0625 | BD79: 0 | BE79: =IFERROR(BD79-BC79,"-") -> -2667.0625 | BF79: =IFERROR(BD79/BC79-1,"-") -> -1 | BG79: =BG78/$K$80 -> 2166.9882 | BH79: 0 | BI79: =IFERROR(BH79-BG79,"-") -> -2166.9882 | BJ79: =IFERROR(BH79/BG79-1,"-") -> -1 | BK79: =SUM(L79,P79,T79,X79,AC79,AI79,AM79,AQ79,AU79,AY79,BC79,BG79) -> 17543.86 | BL79: =SUM(L79,P79,T79,X79,AC79,AI79) -> 4041.856 | BM79: =SUM(L79,P79,T79,X79,AC79,AI79,AM79) -> 5708.77 | BN79: =SUM(M79,Q79,U79,Y79,AE79,AJ79,AN79,AR79,AV79,AZ79,BD79,BH79) -> 1736 | BO79: =IFERROR(BN79/BK79-1,"-") -> -0.901048 | BP79: 1727 | BQ79: =BK79/BP79 -> 10.158575
J80: Ticket Médio | K80: 114 | L80: =L78/L79 -> 114 | M80: =IFERROR(M78/M79,"-") -> 116.82381 | N80: =IFERROR(M80-L80,"-") -> 2.823814 | O80: =IFERROR(M80/L80-1,"-") -> 0.024770298 | P80: =IFERROR(P78/P79,"-") -> 114 | Q80: =IFERROR(Q78/Q79,"-") -> 115.37684 | R80: =IFERROR(Q80-P80,"-") -> 1.3768396 | S80: =IFERROR(Q80/P80-1,"-") -> 0.012077541 | T80: =T78/T79 -> 114 | U80: =IFERROR(U78/U79,"-") -> 117.13263 | V80: =IFERROR(U80-T80,"-") -> 3.1326267 | W80: =IFERROR(U80/T80-1,"-") -> 0.027479182 | X80: =IFERROR(X78/X79,"-") -> 114 | Y80: =IFERROR(Y78/Y79,"-") -> 105.91177 | AA80: =IFERROR(Y80-X80,"-") -> -8.0882329 | AB80: =IFERROR(Y80/X80-1,"-") -> -0.070949412 | AC80: =AC78/AC79 -> 114 | AE80: =IFERROR(AE78/AE79,"-") -> 109.8523 | AF80: =IFERROR(AE80-AC80,"-") -> -4.1477027 | AH80: =IFERROR(AE80/AC80-1,"-") -> -0.036383357 | AI80: =AI78/AI79 -> 114 | AJ80: 112.01222 | AK80: =IFERROR(AJ80-AI80,"-") -> -1.9877778 | AL80: =IFERROR(AJ80/AI80-1,"-") -> -0.017436647 | AM80: =AM78/AM79 -> 114 | AN80: 123.96838 | AO80: =IFERROR(AN80-AM80,"-") -> 9.9683824 | AP80: =IFERROR(AN80/AM80-1,"-") -> 0.08744195 | AQ80: =AQ78/AQ79 -> 114 | AR80: =IFERROR(AR78/AR79,"-") -> - | AS80: =IFERROR(AR80-AQ80,"-") -> - | AT80: =IFERROR(AR80/AQ80-1,"-") -> - | AU80: =AU78/AU79 -> 114 | AV80: =IFERROR(AV78/AV79,"-") -> - | AW80: =IFERROR(AV80-AU80,"-") -> - | AX80: =IFERROR(AV80/AU80-1,"-") -> - | AY80: =AY78/AY79 -> 114 | AZ80: =IFERROR(AZ78/AZ79,"-") -> - | BA80: =IFERROR(AZ80-AY80,"-") -> - | BB80: =IFERROR(AZ80/AY80-1,"-") -> - | BC80: =BC78/BC79 -> 114 | BD80: =IFERROR(BD78/BD79,"-") -> - | BE80: =IFERROR(BD80-BC80,"-") -> - | BF80: =IFERROR(BD80/BC80-1,"-") -> - | BG80: =BG78/BG79 -> 114 | BH80: =IFERROR(BH78/BH79,"-") -> - | BI80: =IFERROR(BH80-BG80,"-") -> - | BJ80: =IFERROR(BH80/BG80-1,"-") -> - | BK80: =BK78/BK79 -> 114 | BL80: =IFERROR(BL78/BL79,"-") -> 114 | BM80: =IFERROR(BM78/BM79,"-") -> 114 | BN80: =BN78/BN79 -> 113.98297 | BO80: =IFERROR(BN80/BK80-1,"-") -> -0.00014941588 | BP80: =BP78/BP79 -> 113.17655 | BQ80: =BK80/BP80-1 -> 0.00727581
J81: Receita Hanzo | K81: 0.039 | L81: =L78*$K$81 -> 1959.126 | M81: =M78*$K$81 -> 1959.1354 | N81: =IFERROR(M81-L81,"-") -> 0.00936 | O81: =IFERROR(M81/L81-1,"-") -> 4.7776406e-06 | P81: =P78*$K$81 -> 1929.876 | Q81: =Q78*$K$81 -> 1907.8714 | R81: =IFERROR(Q81-P81,"-") -> -22.00458 | S81: =IFERROR(Q81/P81-1,"-") -> -0.011402069 | T81: =T78*$K$81 -> 2223.3299 | U81: =U78*$K$81 -> 991.29342 | V81: =IFERROR(U81-T81,"-") -> -1232.0365 | W81: =IFERROR(U81/T81-1,"-") -> -0.55414021 | X81: =X78*$K$81 -> 2223.3299 | Y81: =Y78*$K$81 -> 1028.5092 | AA81: =IFERROR(Y81-X81,"-") -> -1194.8208 | AB81: =IFERROR(Y81/X81-1,"-") -> -0.53740147 | AC81: =AC78*$K$81 -> 3705.5499 | AE81: =AE78*$K$81 -> 951.10119 | AF81: =IFERROR(AE81-AC81,"-") -> -2754.4487 | AH81: =IFERROR(AE81/AC81-1,"-") -> -0.74333062 | AI81: =AI78*$K$81 -> 5928.8798 | AJ81: 550.42806 | AK81: =IFERROR(AJ81-AI81,"-") -> -5378.4518 | AL81: =IFERROR(AJ81/AI81-1,"-") -> -0.90716154 | AM81: =AM78*$K$81 -> 7411.0998 | AN81: 328.76415 | AO81: =IFERROR(AN81-AM81,"-") -> -7082.3356 | AP81: =IFERROR(AN81/AM81-1,"-") -> -0.95563895 | AQ81: =AQ78*$K$81 -> 11116.65 | AR81: =AR78*$K$81 -> 0 | AS81: =IFERROR(AR81-AQ81,"-") -> -11116.65 | AT81: =IFERROR(AR81/AQ81-1,"-") -> -1 | AU81: =AU78*$K$81 -> 11116.65 | AV81: =AV78*$K$81 -> 0 | AW81: =IFERROR(AV81-AU81,"-") -> -11116.65 | AX81: =IFERROR(AV81/AU81-1,"-") -> -1 | AY81: =AY78*$K$81 -> 8893.3198 | AZ81: =AZ78*$K$81 -> 0 | BA81: =IFERROR(AZ81-AY81,"-") -> -8893.3198 | BB81: =IFERROR(AZ81/AY81-1,"-") -> -1 | BC81: =BC78*$K$81 -> 11857.76 | BD81: =BD78*$K$81 -> 0 | BE81: =IFERROR(BD81-BC81,"-") -> -11857.76 | BF81: =IFERROR(BD81/BC81-1,"-") -> -1 | BG81: =BG78*$K$81 -> 9634.4297 | BH81: =BH78*$K$81 -> 0 | BI81: =IFERROR(BH81-BG81,"-") -> -9634.4297 | BJ81: =IFERROR(BH81/BG81-1,"-") -> -1 | BK81: =SUM(L81,P81,T81,X81,AC81,AI81,AM81,AQ81,AU81,AY81,BC81,BG81) -> 78000 | BL81: =SUM(L81,P81,T81,X81,AC81,AI81) -> 17970.092 | BM81: =SUM(L81,P81,T81,X81,AC81,AI81,AM81) -> 25381.191 | BN81: =SUM(M81,Q81,U81,Y81,AE81,AJ81,AN81,AR81,AV81,AZ81,BD81,BH81) -> 7717.1028 | BO81: =IFERROR(BN81/BK81-1,"-") -> -0.90106279 | BP81: =BP78*$K$81+8*199 -> 9214.7801 | BQ81: =BK81/BP81 -> 8.4646621
J83: PAPILA (7) | L83: jan | M83: jan (real) | N83: Diferença (jan) | O83: Comparativo (jan) | P83: fev | Q83: fev (real) | R83: Diferença (fev) | S83: Comparativo (fev) | T83: mar | U83: mar (real) | V83: Diferença (mar) | W83: Comparativo (mar) | X83: abr | Y83: abr (real) | AA83: Diferença (abr) | AB83: Comparativo (abr) | AC83: mai | AE83: mai (real) | AF83: Diferença (mai) | AH83: Comparativo (mai) | AI83: jun | AJ83: jun (real) | AK83: Diferença (jun) | AL83: Comparativo (jun) | AM83: jul | AN83: jul (real) | AO83: Diferença (jul) | AP83: Comparativo (jul) | AQ83: ago | AR83: ago (real) | AS83: Diferença (ago) | AT83: Comparativo (ago) | AU83: set | AV83: set (real) | AW83: Diferença (set) | AX83: Comparativo (set) | AY83: out | AZ83: out (real) | BA83: Diferença (out) | BB83: Comparativo (out) | BC83: nov | BD83: nov (real) | BE83: Diferença (nov) | BF83: Comparativo (nov) | BG83: dez | BH83: dez (real) | BI83: Diferença (dez) | BJ83: Comparativo (dez) | BK83: 2026 (Projeção) | BL83: 2026 (Projeção Jun) | BM83: 2026 (Projeção até Jul) | BN83: 2026 (real) | BO83: 2026 (Projeção x Real) | BP83: 2025
B85: 12 | C85: PIZZA HUT | G85: 17765753 | H85: 181714 | I85: 97.767661 | J85: % do mês no ano | L85: - | M85: - | N85: - | O85: Taxa | P85: - | Q85: - | R85: - | S85: Taxa | T85: 0.025 | U85: =U86/(BK86-(L86 + P86)) -> 0.037311733 | V85: - | W85: Taxa | X85: 0.025 | Y85: =Y86/(BK86-(L86+P86)) -> 0.028159563 | AA85: - | AB85: Taxa | AC85: 0.04 | AE85: =AE86/(BK86-(L86+P86)) -> 0.01618315 | AF85: - | AH85: Taxa | AI85: 0.06 | AJ85: 0.023006659 | AK85: - | AL85: Taxa | AM85: 0.08 | AN85: 0.012821806 | AO85: - | AP85: Taxa | AQ85: 0.13 | AR85: =AR86/(BK86-(L86+P86)) -> 0 | AS85: - | AT85: Taxa | AU85: 0.13 | AV85: =AV86/(BK86-(L86+P86)) -> 0 | AW85: - | AX85: Taxa | AY85: 0.15 | AZ85: =AZ86/(BK86-(L86+P86)) -> 0 | BA85: - | BB85: Taxa | BC85: 0.19 | BD85: =BD86/(BK86-(L86+P86)) -> 0 | BE85: - | BF85: Taxa | BG85: 0.17 | BH85: =BH86/(BK86-(L86+P86)) -> 0 | BI85: - | BJ85: Taxa | BK85: =SUM(T85,X85,AC85,AI85,AM85,AQ85,AU85,AY85,BC85,BG85) -> 1 | BL85: =SUM(T85,X85,AC85,AI85) -> 0.15 | BM85: =SUM(T85,X85,AC85,AI85,AM85) -> 0.23 | BN85: =SUM(U85,Y85,AE85,AJ85,AN85,AR85,AV85,AZ85,BD85,BH85) -> 0.11748291 | BP85: -
J86: GMV | L86: 59138 | M86: 59722.48 | N86: =IFERROR(M86-L86,"-") -> 584.48 | O86: =IFERROR(M86/L86-1,"-") -> 0.0098833238 | P86: 60563 | Q86: 58634.48 | R86: =IFERROR(Q86-P86,"-") -> -1928.52 | S86: =IFERROR(Q86/P86-1,"-") -> -0.031843205 | T86: =($BK$86-($L$86+$P$86))*T85 -> 52007.475 | U86: 77619.56 | V86: =IFERROR(U86-T86,"-") -> 25612.085 | W86: =IFERROR(U86/T86-1,"-") -> 0.4924693 | X86: =($BK$86-($L$86+$P$86))*X85 -> 52007.475 | Y86: 58580.31 | AA86: =IFERROR(Y86-X86,"-") -> 6572.835 | AB86: =IFERROR(Y86/X86-1,"-") -> 0.12638251 | AC86: =($BK$86-($L$86+$P$86))*AC85 -> 83211.96 | AE86: 33665.79 | AF86: =IFERROR(AE86-AC86,"-") -> -49546.17 | AH86: =IFERROR(AE86/AC86-1,"-") -> -0.59542126 | AI86: =($BK$86-($L$86+$P$86))*AI85 -> 124817.94 | AJ86: 47860.73 | AK86: =IFERROR(AJ86-AI86,"-") -> -76957.21 | AL86: =IFERROR(AJ86/AI86-1,"-") -> -0.61655568 | AM86: =($BK$86-($L$86+$P$86))*AM85 -> 166423.92 | AN86: 26673.19 | AO86: =IFERROR(AN86-AM86,"-") -> -139750.73 | AP86: =IFERROR(AN86/AM86-1,"-") -> -0.83972743 | AQ86: =($BK$86-($L$86+$P$86))*AQ85 -> 270438.87 | AR86: 0 | AS86: =IFERROR(AR86-AQ86,"-") -> -270438.87 | AT86: =IFERROR(AR86/AQ86-1,"-") -> -1 | AU86: =($BK$86-($L$86+$P$86))*AU85 -> 270438.87 | AV86: 0 | AW86: =IFERROR(AV86-AU86,"-") -> -270438.87 | AX86: =IFERROR(AV86/AU86-1,"-") -> -1 | AY86: =($BK$86-($L$86+$P$86))*AY85 -> 312044.85 | AZ86: 0 | BA86: =IFERROR(AZ86-AY86,"-") -> -312044.85 | BB86: =IFERROR(AZ86/AY86-1,"-") -> -1 | BC86: =($BK$86-($L$86+$P$86))*BC85 -> 395256.81 | BD86: 0 | BE86: =IFERROR(BD86-BC86,"-") -> -395256.81 | BF86: =IFERROR(BD86/BC86-1,"-") -> -1 | BG86: =($BK$86-($L$86+$P$86))*BG85 -> 353650.83 | BH86: 0 | BI86: =IFERROR(BH86-BG86,"-") -> -353650.83 | BJ86: =IFERROR(BH86/BG86-1,"-") -> -1 | BK86: 2200000 | BL86: =SUM(L86,P86,T86,X86,AC86,AI86) -> 431745.85 | BM86: =SUM(L86,P86,T86,X86,AC86,AI86,AM86) -> 598169.77 | BN86: =SUM(M86,Q86,U86,Y86,AE86,AJ86,AN86,AR86,AV86,AZ86,BD86,BH86) -> 362756.54 | BO86: =IFERROR(BN86/BK86-1,"-") -> -0.83511066 | BP86: 294165 | BQ86: =BK86/BP86 -> 7.4787959
J87: Pedidos | L87: =L86/$K$88 -> 2112.0714 | M87: 2023 | N87: =IFERROR(M87-L87,"-") -> -89.071429 | O87: =IFERROR(M87/L87-1,"-") -> -0.042172546 | P87: =P86/$K$88 -> 2162.9643 | Q87: 2126 | R87: =IFERROR(Q87-P87,"-") -> -36.964286 | S87: =IFERROR(Q87/P87-1,"-") -> -0.017089642 | T87: =T86/$K$88 -> 1857.4098 | U87: 2656 | V87: =IFERROR(U87-T87,"-") -> 798.59018 | W87: =IFERROR(U87/T87-1,"-") -> 0.42994829 | X87: =X86/$K$88 -> 1857.4098 | Y87: =Y86/$K$88 -> 2092.1539 | AA87: =IFERROR(Y87-X87,"-") -> 234.74411 | AB87: =IFERROR(Y87/X87-1,"-") -> 0.12638251 | AC87: =AC86/$K$88 -> 2971.8557 | AE87: 2253 | AF87: =IFERROR(AE87-AC87,"-") -> -718.85571 | AH87: =IFERROR(AE87/AC87-1,"-") -> -0.24188782 | AI87: =AI86/$K$88 -> 4457.7836 | AJ87: 2388 | AK87: =IFERROR(AJ87-AI87,"-") -> -2069.7836 | AL87: =IFERROR(AJ87/AI87-1,"-") -> -0.46430777 | AM87: =AM86/$K$88 -> 5943.7114 | AN87: 1488 | AO87: =IFERROR(AN87-AM87,"-") -> -4455.7114 | AP87: =IFERROR(AN87/AM87-1,"-") -> -0.74965137 | AQ87: =AQ86/$K$88 -> 9658.5311 | AR87: 0 | AS87: =IFERROR(AR87-AQ87,"-") -> -9658.5311 | AT87: =IFERROR(AR87/AQ87-1,"-") -> -1 | AU87: =AU86/$K$88 -> 9658.5311 | AV87: 0 | AW87: =IFERROR(AV87-AU87,"-") -> -9658.5311 | AX87: =IFERROR(AV87/AU87-1,"-") -> -1 | AY87: =AY86/$K$88 -> 11144.459 | AZ87: 0 | BA87: =IFERROR(AZ87-AY87,"-") -> -11144.459 | BB87: =IFERROR(AZ87/AY87-1,"-") -> -1 | BC87: =BC86/$K$88 -> 14116.315 | BD87: 0 | BE87: =IFERROR(BD87-BC87,"-") -> -14116.315 | BF87: =IFERROR(BD87/BC87-1,"-") -> -1 | BG87: =BG86/$K$88 -> 12630.387 | BH87: 0 | BI87: =IFERROR(BH87-BG87,"-") -> -12630.387 | BJ87: =IFERROR(BH87/BG87-1,"-") -> -1 | BK87: =SUM(L87,P87,T87,X87,AC87,AI87,AM87,AQ87,AU87,AY87,BC87,BG87) -> 78571.429 | BL87: =SUM(L87,P87,T87,X87,AC87,AI87) -> 15419.495 | BM87: =SUM(L87,P87,T87,X87,AC87,AI87,AM87) -> 21363.206 | BN87: =SUM(M87,Q87,U87,Y87,AE87,AJ87,AN87,AR87,AV87,AZ87,BD87,BH87) -> 15026.154 | BO87: =IFERROR(BN87/BK87-1,"-") -> -0.80875804 | BP87: 3683 | BQ87: =BK87/BP87 -> 21.33354
J88: Ticket Médio | K88: 28 | L88: =L86/L87 -> 28 | M88: =IFERROR(M86/M87,"-") -> 29.52174 | N88: =IFERROR(M88-L88,"-") -> 1.52174 | O88: =IFERROR(M88/L88-1,"-") -> 0.054347857 | P88: =IFERROR(P86/P87,"-") -> 28 | Q88: =IFERROR(Q86/Q87,"-") -> 27.579718 | R88: =IFERROR(Q88-P88,"-") -> -0.42028222 | S88: =IFERROR(Q88/P88-1,"-") -> -0.015010079 | T88: =T86/T87 -> 28 | U88: =IFERROR(U86/U87,"-") -> 29.224232 | V88: =IFERROR(U88-T88,"-") -> 1.2242319 | W88: =IFERROR(U88/T88-1,"-") -> 0.043722569 | X88: =IFERROR(X86/X87,"-") -> 28 | Y88: =IFERROR(Y86/Y87,"-") -> 28 | AA88: =IFERROR(Y88-X88,"-") -> 0 | AB88: =IFERROR(Y88/X88-1,"-") -> 0 | AC88: =AC86/AC87 -> 28 | AE88: =IFERROR(AE86/AE87,"-") -> 14.94265 | AF88: =IFERROR(AE88-AC88,"-") -> -13.05735 | AH88: =IFERROR(AE88/AC88-1,"-") -> -0.46633394 | AI88: =AI86/AI87 -> 28 | AJ88: 20.042182 | AK88: =IFERROR(AJ88-AI88,"-") -> -7.9578183 | AL88: =IFERROR(AJ88/AI88-1,"-") -> -0.28420779 | AM88: =AM86/AM87 -> 28 | AN88: 17.925531 | AO88: =IFERROR(AN88-AM88,"-") -> -10.074469 | AP88: =IFERROR(AN88/AM88-1,"-") -> -0.35980247 | AQ88: =AQ86/AQ87 -> 28 | AR88: =IFERROR(AR86/AR87,"-") -> - | AS88: =IFERROR(AR88-AQ88,"-") -> - | AT88: =IFERROR(AR88/AQ88-1,"-") -> - | AU88: =AU86/AU87 -> 28 | AV88: =IFERROR(AV86/AV87,"-") -> - | AW88: =IFERROR(AV88-AU88,"-") -> - | AX88: =IFERROR(AV88/AU88-1,"-") -> - | AY88: =AY86/AY87 -> 28 | AZ88: =IFERROR(AZ86/AZ87,"-") -> - | BA88: =IFERROR(AZ88-AY88,"-") -> - | BB88: =IFERROR(AZ88/AY88-1,"-") -> - | BC88: =BC86/BC87 -> 28 | BD88: =IFERROR(BD86/BD87,"-") -> - | BE88: =IFERROR(BD88-BC88,"-") -> - | BF88: =IFERROR(BD88/BC88-1,"-") -> - | BG88: =BG86/BG87 -> 28 | BH88: =IFERROR(BH86/BH87,"-") -> - | BI88: =IFERROR(BH88-BG88,"-") -> - | BJ88: =IFERROR(BH88/BG88-1,"-") -> - | BK88: =BK86/BK87 -> 28 | BL88: =IFERROR(BL86/BL87,"-") -> 28 | BM88: =IFERROR(BM86/BM87,"-") -> 28 | BN88: =BN86/BN87 -> 24.141676 | BO88: =IFERROR(BN88/BK88-1,"-") -> -0.13779728 | BP88: =BP86/BP87 -> 79.871029 | BQ88: =BK88/BP88-1 -> -0.64943484
J89: Receita Hanzo | K89: 0.03 | L89: =MIN(L86, 650000) * 0.03 + MAX(0, MIN(L86, 2500000) - 650000) * 0.025 + MAX(0, MIN(L86, 4500000) - 2500000) * 0.0225 + MAX(0, MIN(L86, 7500000) - 4500000) * 0.02 + MAX(0, MIN(L86, 11500000) - 7500000) * 0.015 + MAX(0, L86 - 11500000) * 0.01 -> 1774.14 | M89: =MIN(M86, 650000) * 0.03 + MAX(0, MIN(M86, 2500000) - 650000) * 0.025 + MAX(0, MIN(M86, 4500000) - 2500000) * 0.0225 + MAX(0, MIN(M86, 7500000) - 4500000) * 0.02 + MAX(0, MIN(M86, 11500000) - 7500000) * 0.015 + MAX(0, M86 - 11500000) * 0.01 -> 1791.6744 | N89: =IFERROR(M89-L89,"-") -> 17.5344 | O89: =IFERROR(M89/L89-1,"-") -> 0.0098833238 | P89: =MIN(P86, 650000) * 0.03 + MAX(0, MIN(P86, 2500000) - 650000) * 0.025 + MAX(0, MIN(P86, 4500000) - 2500000) * 0.0225 + MAX(0, MIN(P86, 7500000) - 4500000) * 0.02 + MAX(0, MIN(P86, 11500000) - 7500000) * 0.015 + MAX(0, P86 - 11500000) * 0.01 -> 1816.89 | Q89: =MIN(Q86, 650000) * 0.03 + MAX(0, MIN(Q86, 2500000) - 650000) * 0.025 + MAX(0, MIN(Q86, 4500000) - 2500000) * 0.0225 + MAX(0, MIN(Q86, 7500000) - 4500000) * 0.02 + MAX(0, MIN(Q86, 11500000) - 7500000) * 0.015 + MAX(0, Q86 - 11500000) * 0.01 -> 1759.0344 | R89: =IFERROR(Q89-P89,"-") -> -57.8556 | S89: =IFERROR(Q89/P89-1,"-") -> -0.031843205 | T89: =MIN(T86, 650000) * 0.03 + MAX(0, MIN(T86, 2500000) - 650000) * 0.025 + MAX(0, MIN(T86, 4500000) - 2500000) * 0.0225 + MAX(0, MIN(T86, 7500000) - 4500000) * 0.02 + MAX(0, MIN(T86, 11500000) - 7500000) * 0.015 + MAX(0, T86 - 11500000) * 0.01 -> 1560.2242 | U89: =MIN(U86, 650000) * 0.03 + MAX(0, MIN(U86, 2500000) - 650000) * 0.025 + MAX(0, MIN(U86, 4500000) - 2500000) * 0.0225 + MAX(0, MIN(U86, 7500000) - 4500000) * 0.02 + MAX(0, MIN(U86, 11500000) - 7500000) * 0.015 + MAX(0, U86 - 11500000) * 0.01 -> 2328.5868 | V89: =IFERROR(U89-T89,"-") -> 768.36255 | W89: =IFERROR(U89/T89-1,"-") -> 0.4924693 | X89: =MIN(X86, 650000) * 0.03 + MAX(0, MIN(X86, 2500000) - 650000) * 0.025 + MAX(0, MIN(X86, 4500000) - 2500000) * 0.0225 + MAX(0, MIN(X86, 7500000) - 4500000) * 0.02 + MAX(0, MIN(X86, 11500000) - 7500000) * 0.015 + MAX(0, X86 - 11500000) * 0.01 -> 1560.2242 | Y89: =MIN(Y86, 650000) * 0.03 + MAX(0, MIN(Y86, 2500000) - 650000) * 0.025 + MAX(0, MIN(Y86, 4500000) - 2500000) * 0.0225 + MAX(0, MIN(Y86, 7500000) - 4500000) * 0.02 + MAX(0, MIN(Y86, 11500000) - 7500000) * 0.015 + MAX(0, Y86 - 11500000) * 0.01 -> 1757.4093 | AA89: =IFERROR(Y89-X89,"-") -> 197.18505 | AB89: =IFERROR(Y89/X89-1,"-") -> 0.12638251 | AC89: =MIN(AC86, 650000) * 0.03 + MAX(0, MIN(AC86, 2500000) - 650000) * 0.025 + MAX(0, MIN(AC86, 4500000) - 2500000) * 0.0225 + MAX(0, MIN(AC86, 7500000) - 4500000) * 0.02 + MAX(0, MIN(AC86, 11500000) - 7500000) * 0.015 + MAX(0, AC86 - 11500000) * 0.01 -> 2496.3588 | AE89: =MIN(AE86, 650000) * 0.03 + MAX(0, MIN(AE86, 2500000) - 650000) * 0.025 + MAX(0, MIN(AE86, 4500000) - 2500000) * 0.0225 + MAX(0, MIN(AE86, 7500000) - 4500000) * 0.02 + MAX(0, MIN(AE86, 11500000) - 7500000) * 0.015 + MAX(0, AE86 - 11500000) * 0.01 -> 1009.9737 | AF89: =IFERROR(AE89-AC89,"-") -> -1486.3851 | AH89: =IFERROR(AE89/AC89-1,"-") -> -0.59542126 | AI89: =MIN(AI86, 650000) * 0.03 + MAX(0, MIN(AI86, 2500000) - 650000) * 0.025 + MAX(0, MIN(AI86, 4500000) - 2500000) * 0.0225 + MAX(0, MIN(AI86, 7500000) - 4500000) * 0.02 + MAX(0, MIN(AI86, 11500000) - 7500000) * 0.015 + MAX(0, AI86 - 11500000) * 0.01 -> 3744.5382 | AJ89: 1435.8219 | AK89: =IFERROR(AJ89-AI89,"-") -> -2308.7163 | AL89: =IFERROR(AJ89/AI89-1,"-") -> -0.61655568 | AM89: =MIN(AM86, 650000) * 0.03 + MAX(0, MIN(AM86, 2500000) - 650000) * 0.025 + MAX(0, MIN(AM86, 4500000) - 2500000) * 0.0225 + MAX(0, MIN(AM86, 7500000) - 4500000) * 0.02 + MAX(0, MIN(AM86, 11500000) - 7500000) * 0.015 + MAX(0, AM86 - 11500000) * 0.01 -> 4992.7176 | AN89: 800.1957 | AO89: =IFERROR(AN89-AM89,"-") -> -4192.5219 | AP89: =IFERROR(AN89/AM89-1,"-") -> -0.83972743 | AQ89: =MIN(AQ86, 650000) * 0.03 + MAX(0, MIN(AQ86, 2500000) - 650000) * 0.025 + MAX(0, MIN(AQ86, 4500000) - 2500000) * 0.0225 + MAX(0, MIN(AQ86, 7500000) - 4500000) * 0.02 + MAX(0, MIN(AQ86, 11500000) - 7500000) * 0.015 + MAX(0, AQ86 - 11500000) * 0.01 -> 8113.1661 | AR89: =MIN(AR86, 650000) * 0.03 + MAX(0, MIN(AR86, 2500000) - 650000) * 0.025 + MAX(0, MIN(AR86, 4500000) - 2500000) * 0.0225 + MAX(0, MIN(AR86, 7500000) - 4500000) * 0.02 + MAX(0, MIN(AR86, 11500000) - 7500000) * 0.015 + MAX(0, AR86 - 11500000) * 0.01 -> 0 | AS89: =IFERROR(AR89-AQ89,"-") -> -8113.1661 | AT89: =IFERROR(AR89/AQ89-1,"-") -> -1 | AU89: =MIN(AU86, 650000) * 0.03 + MAX(0, MIN(AU86, 2500000) - 650000) * 0.025 + MAX(0, MIN(AU86, 4500000) - 2500000) * 0.0225 + MAX(0, MIN(AU86, 7500000) - 4500000) * 0.02 + MAX(0, MIN(AU86, 11500000) - 7500000) * 0.015 + MAX(0, AU86 - 11500000) * 0.01 -> 8113.1661 | AV89: =MIN(AV86, 650000) * 0.03 + MAX(0, MIN(AV86, 2500000) - 650000) * 0.025 + MAX(0, MIN(AV86, 4500000) - 2500000) * 0.0225 + MAX(0, MIN(AV86, 7500000) - 4500000) * 0.02 + MAX(0, MIN(AV86, 11500000) - 7500000) * 0.015 + MAX(0, AV86 - 11500000) * 0.01 -> 0 | AW89: =IFERROR(AV89-AU89,"-") -> -8113.1661 | AX89: =IFERROR(AV89/AU89-1,"-") -> -1 | AY89: =MIN(AY86, 650000) * 0.03 + MAX(0, MIN(AY86, 2500000) - 650000) * 0.025 + MAX(0, MIN(AY86, 4500000) - 2500000) * 0.0225 + MAX(0, MIN(AY86, 7500000) - 4500000) * 0.02 + MAX(0, MIN(AY86, 11500000) - 7500000) * 0.015 + MAX(0, AY86 - 11500000) * 0.01 -> 9361.3455 | AZ89: =MIN(AZ86, 650000) * 0.03 + MAX(0, MIN(AZ86, 2500000) - 650000) * 0.025 + MAX(0, MIN(AZ86, 4500000) - 2500000) * 0.0225 + MAX(0, MIN(AZ86, 7500000) - 4500000) * 0.02 + MAX(0, MIN(AZ86, 11500000) - 7500000) * 0.015 + MAX(0, AZ86 - 11500000) * 0.01 -> 0 | BA89: =IFERROR(AZ89-AY89,"-") -> -9361.3455 | BB89: =IFERROR(AZ89/AY89-1,"-") -> -1 | BC89: =MIN(BC86, 650000) * 0.03 + MAX(0, MIN(BC86, 2500000) - 650000) * 0.025 + MAX(0, MIN(BC86, 4500000) - 2500000) * 0.0225 + MAX(0, MIN(BC86, 7500000) - 4500000) * 0.02 + MAX(0, MIN(BC86, 11500000) - 7500000) * 0.015 + MAX(0, BC86 - 11500000) * 0.01 -> 11857.704 | BD89: =MIN(BD86, 650000) * 0.03 + MAX(0, MIN(BD86, 2500000) - 650000) * 0.025 + MAX(0, MIN(BD86, 4500000) - 2500000) * 0.0225 + MAX(0, MIN(BD86, 7500000) - 4500000) * 0.02 + MAX(0, MIN(BD86, 11500000) - 7500000) * 0.015 + MAX(0, BD86 - 11500000) * 0.01 -> 0 | BE89: =IFERROR(BD89-BC89,"-") -> -11857.704 | BF89: =IFERROR(BD89/BC89-1,"-") -> -1 | BG89: =MIN(BG86, 650000) * 0.03 + MAX(0, MIN(BG86, 2500000) - 650000) * 0.025 + MAX(0, MIN(BG86, 4500000) - 2500000) * 0.0225 + MAX(0, MIN(BG86, 7500000) - 4500000) * 0.02 + MAX(0, MIN(BG86, 11500000) - 7500000) * 0.015 + MAX(0, BG86 - 11500000) * 0.01 -> 10609.525 | BH89: =MIN(BH86, 650000) * 0.03 + MAX(0, MIN(BH86, 2500000) - 650000) * 0.025 + MAX(0, MIN(BH86, 4500000) - 2500000) * 0.0225 + MAX(0, MIN(BH86, 7500000) - 4500000) * 0.02 + MAX(0, MIN(BH86, 11500000) - 7500000) * 0.015 + MAX(0, BH86 - 11500000) * 0.01 -> 0 | BI89: =IFERROR(BH89-BG89,"-") -> -10609.525 | BJ89: =IFERROR(BH89/BG89-1,"-") -> -1 | BK89: =SUM(L89,P89,T89,X89,AC89,AI89,AM89,AQ89,AU89,AY89,BC89,BG89) -> 66000 | BL89: =SUM(L89,P89,T89,X89,AC89,AI89) -> 12952.376 | BM89: =SUM(L89,P89,T89,X89,AC89,AI89,AM89) -> 17945.093 | BN89: =SUM(M89,Q89,U89,Y89,AE89,AJ89,AN89,AR89,AV89,AZ89,BD89,BH89) -> 10882.696 | BO89: =IFERROR(BN89/BK89-1,"-") -> -0.83511066 | BP89: =BP86*0.03+10*299 -> 11814.95 | BQ89: =BK89/BP89 -> 5.586143
J91: PIZZA HUT (+250) | L91: jan | M91: jan (real) | N91: Diferença (jan) | O91: Comparativo (jan) | P91: fev | Q91: fev (real) | R91: Diferença (fev) | S91: Comparativo (fev) | T91: mar | U91: mar(real) | V91: Diferença (mar) | W91: Comparativo(abr) | X91: abr | Y91: abr(real) | AA91: Diferença (abr) | AB91: Comparativo(abr) | AC91: mai | AE91: mai (real) | AF91: Diferença (mai) | AH91: Comparativo (mai) | AI91: jun | AJ91: jun (real) | AK91: Diferença (jun) | AL91: Comparativo (jun) | AM91: jul | AN91: jul (real) | AO91: Diferença (jul) | AP91: Comparativo (jul) | AQ91: ago | AR91: ago (real) | AS91: Diferença (ago) | AT91: Comparativo (ago) | AU91: set | AV91: set (real) | AW91: Diferença (set) | AX91: Comparativo (set) | AY91: out | AZ91: out (real) | BA91: Diferença (out) | BB91: Comparativo (out) | BC91: nov | BD91: nov (real) | BE91: Diferença (nov) | BF91: Comparativo (nov) | BG91: dez | BH91: dez (real) | BI91: Diferença (dez) | BJ91: Comparativo (dez) | BK91: 2026 (Projeção) | BL91: 2026 (Projeção Jun) | BM91: 2026 (Projeção até Jul) | BN91: 2026 (real) | BO91: 2026 (Projeção x Real) | BP91: 2025
B93: 13 | C93: QUI O QUA | G93: 12323 | H93: 52 | I93: 236.98077 | J93: % do mês no ano | L93: - | M93: - | N93: - | O93: Taxa | P93: - | Q93: - | R93: - | S93: Taxa | T93: 0.05 | U93: =U94/(BK94-(L94 + P94)) -> 0.081263172 | V93: - | W93: Taxa | X93: 0.06 | Y93: =Y94/(BK94-(L94+P94)) -> 0.082054007 | AA93: - | AB93: Taxa | AC93: 0.08 | AE93: =AE94/(BK94-(L94+P94)) -> 0.076027649 | AF93: - | AH93: Taxa | AI93: 0.08 | AJ93: 0.070035299 | AK93: - | AL93: Taxa | AM93: 0.08 | AN93: 0.034291534 | AO93: - | AP93: Taxa | AQ93: 0.11 | AR93: =AR94/(BK94-(L94+P94)) -> 0 | AS93: - | AT93: Taxa | AU93: 0.14 | AV93: =AV94/(BK94-(L94+P94)) -> 0 | AW93: - | AX93: Taxa | AY93: 0.14 | AZ93: =AZ94/(BK94-(L94+P94)) -> 0 | BA93: - | BB93: Taxa | BC93: 0.14 | BD93: =BD94/(BK94-(L94+P94)) -> 0 | BE93: - | BF93: Taxa | BG93: 0.12 | BH93: =BH94/(BK94-(L94+P94)) -> 0 | BI93: - | BJ93: Taxa | BK93: =SUM(T93,X93,AC93,AI93,AM93,AQ93,AU93,AY93,BC93,BG93) -> 1 | BL93: =SUM(T93,X93,AC93,AI93) -> 0.27 | BM93: =SUM(T93,X93,AC93,AI93,AM93) -> 0.35 | BN93: =SUM(U93,Y93,AE93,AJ93,AN93,AR93,AV93,AZ93,BD93,BH93) -> 0.34367166 | BP93: -
J94: GMV | L94: 1433664 | M94: 1461184.1 | N94: =IFERROR(M94-L94,"-") -> 27520.12 | O94: =IFERROR(M94/L94-1,"-") -> 0.019195655 | P94: 1276587 | Q94: 1334379.1 | R94: =IFERROR(Q94-P94,"-") -> 57792.05 | S94: =IFERROR(Q94/P94-1,"-") -> 0.045270749 | T94: =($BK$94-($L$94+$P$94))*T93 -> 864487.45 | U94: 1405019.9 | V94: =IFERROR(U94-T94,"-") -> 540532.4 | W94: =IFERROR(U94/T94-1,"-") -> 0.62526344 | X94: =($BK$94-($L$94+$P$94))*X93 -> 1037384.9 | Y94: 1418693.2 | AA94: =IFERROR(Y94-X94,"-") -> 381308.25 | AB94: =IFERROR(Y94/X94-1,"-") -> 0.36756679 | AC94: =($BK$94-($L$94+$P$94))*AC93 -> 1383179.9 | AE94: 1314499 | AF94: =IFERROR(AE94-AC94,"-") -> -68680.96 | AH94: =IFERROR(AE94/AC94-1,"-") -> -0.049654393 | AI94: =($BK$94-($L$94+$P$94))*AI93 -> 1383179.9 | AJ94: 1210892.7 | AK94: =IFERROR(AJ94-AI94,"-") -> -172287.18 | AL94: =IFERROR(AJ94/AI94-1,"-") -> -0.12455876 | AM94: =($BK$94-($L$94+$P$94))*AM93 -> 1383179.9 | AN94: 592892.01 | AO94: =IFERROR(AN94-AM94,"-") -> -790287.91 | AP94: =IFERROR(AN94/AM94-1,"-") -> -0.57135583 | AQ94: =($BK$94-($L$94+$P$94))*AQ93 -> 1901872.4 | AR94: 0 | AS94: =IFERROR(AR94-AQ94,"-") -> -1901872.4 | AT94: =IFERROR(AR94/AQ94-1,"-") -> -1 | AU94: =($BK$94-($L$94+$P$94))*AU93 -> 2420564.9 | AV94: 0 | AW94: =IFERROR(AV94-AU94,"-") -> -2420564.9 | AX94: =IFERROR(AV94/AU94-1,"-") -> -1 | AY94: =($BK$94-($L$94+$P$94))*AY93 -> 2420564.9 | AZ94: 0 | BA94: =IFERROR(AZ94-AY94,"-") -> -2420564.9 | BB94: =IFERROR(AZ94/AY94-1,"-") -> -1 | BC94: =($BK$94-($L$94+$P$94))*BC93 -> 2420564.9 | BD94: 0 | BE94: =IFERROR(BD94-BC94,"-") -> -2420564.9 | BF94: =IFERROR(BD94/BC94-1,"-") -> -1 | BG94: =($BK$94-($L$94+$P$94))*BG93 -> 2074769.9 | BH94: 0 | BI94: =IFERROR(BH94-BG94,"-") -> -2074769.9 | BJ94: =IFERROR(BH94/BG94-1,"-") -> -1 | BK94: 20000000 | BL94: =SUM(L94,P94,T94,X94,AC94,AI94) -> 7378483.2 | BM94: =SUM(L94,P94,T94,X94,AC94,AI94,AM94) -> 8761663.2 | BN94: =SUM(M94,Q94,U94,Y94,AE94,AJ94,AN94,AR94,AV94,AZ94,BD94,BH94) -> 8737559.9 | BO94: =IFERROR(BN94/BK94-1,"-") -> -0.563122 | BP94: 17765623 | BQ94: =BK94/BP94 -> 1.1257697
J95: Pedidos | L95: =L94/$K$96 -> 14336.64 | M95: 13489 | N95: =IFERROR(M95-L95,"-") -> -847.64 | O95: =IFERROR(M95/L95-1,"-") -> -0.059124035 | P95: =P94/$K$96 -> 12765.87 | Q95: 12517 | R95: =IFERROR(Q95-P95,"-") -> -248.87 | S95: =IFERROR(Q95/P95-1,"-") -> -0.01949495 | T95: =T94/$K$96 -> 8644.8745 | U95: 13451 | V95: =IFERROR(U95-T95,"-") -> 4806.1255 | W95: =IFERROR(U95/T95-1,"-") -> 0.55595087 | X95: =X94/$K$96 -> 10373.849 | Y95: 13118 | AA95: =IFERROR(Y95-X95,"-") -> 2744.1506 | AB95: =IFERROR(Y95/X95-1,"-") -> 0.26452578 | AC95: =AC94/$K$96 -> 13831.799 | AE95: 11622 | AF95: =IFERROR(AE95-AC95,"-") -> -2209.7992 | AH95: =IFERROR(AE95/AC95-1,"-") -> -0.15976224 | AI95: =AI94/$K$96 -> 13831.799 | AJ95: 10541 | AK95: =IFERROR(AJ95-AI95,"-") -> -3290.7992 | AL95: =IFERROR(AJ95/AI95-1,"-") -> -0.23791548 | AM95: =AM94/$K$96 -> 13831.799 | AN95: 5255 | AO95: =IFERROR(AN95-AM95,"-") -> -8576.7992 | AP95: =IFERROR(AN95/AM95-1,"-") -> -0.62007835 | AQ95: =AQ94/$K$96 -> 19018.724 | AR95: 0 | AS95: =IFERROR(AR95-AQ95,"-") -> -19018.724 | AT95: =IFERROR(AR95/AQ95-1,"-") -> -1 | AU95: =AU94/$K$96 -> 24205.649 | AV95: 0 | AW95: =IFERROR(AV95-AU95,"-") -> -24205.649 | AX95: =IFERROR(AV95/AU95-1,"-") -> -1 | AY95: =AY94/$K$96 -> 24205.649 | AZ95: 0 | BA95: =IFERROR(AZ95-AY95,"-") -> -24205.649 | BB95: =IFERROR(AZ95/AY95-1,"-") -> -1 | BC95: =BC94/$K$96 -> 24205.649 | BD95: 0 | BE95: =IFERROR(BD95-BC95,"-") -> -24205.649 | BF95: =IFERROR(BD95/BC95-1,"-") -> -1 | BG95: =BG94/$K$96 -> 20747.699 | BH95: 0 | BI95: =IFERROR(BH95-BG95,"-") -> -20747.699 | BJ95: =IFERROR(BH95/BG95-1,"-") -> -1 | BK95: =SUM(L95,P95,T95,X95,AC95,AI95,AM95,AQ95,AU95,AY95,BC95,BG95) -> 200000 | BL95: =SUM(L95,P95,T95,X95,AC95,AI95) -> 73784.832 | BM95: =SUM(L95,P95,T95,X95,AC95,AI95,AM95) -> 87616.632 | BN95: =SUM(M95,Q95,U95,Y95,AE95,AJ95,AN95,AR95,AV95,AZ95,BD95,BH95) -> 79993 | BO95: =IFERROR(BN95/BK95-1,"-") -> -0.600035 | BP95: 181712 | BQ95: =BK95/BP95 -> 1.1006428
J96: Ticket Médio | K96: 100 | L96: =L94/L95 -> 100 | M96: =IFERROR(M94/M95,"-") -> 108.32412 | N96: =IFERROR(M96-L96,"-") -> 8.3241248 | O96: =IFERROR(M96/L96-1,"-") -> 0.083241248 | P96: =IFERROR(P94/P95,"-") -> 100 | Q96: =IFERROR(Q94/Q95,"-") -> 106.60534 | R96: =IFERROR(Q96-P96,"-") -> 6.6053407 | S96: =IFERROR(Q96/P96-1,"-") -> 0.066053407 | T96: =T94/T95 -> 100 | U96: =IFERROR(U94/U95,"-") -> 104.45468 | V96: =IFERROR(U96-T96,"-") -> 4.4546762 | W96: =IFERROR(U96/T96-1,"-") -> 0.044546762 | X96: =IFERROR(X94/X95,"-") -> 100 | Y96: =IFERROR(Y94/Y95,"-") -> 108.14859 | AA96: =IFERROR(Y96-X96,"-") -> 8.148589 | AB96: =IFERROR(Y96/X96-1,"-") -> 0.08148589 | AC96: =AC94/AC95 -> 100 | AE96: =IFERROR(AE94/AE95,"-") -> 113.10437 | AF96: =IFERROR(AE96-AC96,"-") -> 13.104368 | AH96: =IFERROR(AE96/AC96-1,"-") -> 0.13104368 | AI96: =AI94/AI95 -> 100 | AJ96: 114.87456 | AK96: =IFERROR(AJ96-AI96,"-") -> 14.87456 | AL96: =IFERROR(AJ96/AI96-1,"-") -> 0.1487456 | AM96: =AM94/AM95 -> 100 | AN96: 112.82436 | AO96: =IFERROR(AN96-AM96,"-") -> 12.82436 | AP96: =IFERROR(AN96/AM96-1,"-") -> 0.1282436 | AQ96: =AQ94/AQ95 -> 100 | AR96: =IFERROR(AR94/AR95,"-") -> - | AS96: =IFERROR(AR96-AQ96,"-") -> - | AT96: =IFERROR(AR96/AQ96-1,"-") -> - | AU96: =AU94/AU95 -> 100 | AV96: =IFERROR(AV94/AV95,"-") -> - | AW96: =IFERROR(AV96-AU96,"-") -> - | AX96: =IFERROR(AV96/AU96-1,"-") -> - | AY96: =AY94/AY95 -> 100 | AZ96: =IFERROR(AZ94/AZ95,"-") -> - | BA96: =IFERROR(AZ96-AY96,"-") -> - | BB96: =IFERROR(AZ96/AY96-1,"-") -> - | BC96: =BC94/BC95 -> 100 | BD96: =IFERROR(BD94/BD95,"-") -> - | BE96: =IFERROR(BD96-BC96,"-") -> - | BF96: =IFERROR(BD96/BC96-1,"-") -> - | BG96: =BG94/BG95 -> 100 | BH96: =IFERROR(BH94/BH95,"-") -> - | BI96: =IFERROR(BH96-BG96,"-") -> - | BJ96: =IFERROR(BH96/BG96-1,"-") -> - | BK96: =BK94/BK95 -> 100 | BL96: =IFERROR(BL94/BL95,"-") -> 100 | BM96: =IFERROR(BM94/BM95,"-") -> 100 | BN96: =BN94/BN95 -> 109.22906 | BO96: =IFERROR(BN96/BK96-1,"-") -> 0.092290565 | BP96: =BP94/BP95 -> 97.768023 | BQ96: =BK96/BP96-1 -> 0.022829315
J97: Receita Hanzo | K97: 0.06 | L97: 150000 | M97: 150000 | N97: =IFERROR(M97-L97,"-") -> 0 | O97: =IFERROR(M97/L97-1,"-") -> 0 | P97: 150000 | Q97: 150000 | R97: =IFERROR(Q97-P97,"-") -> 0 | S97: =IFERROR(Q97/P97-1,"-") -> 0 | T97: 150000 | U97: 150000 | V97: =IFERROR(U97-T97,"-") -> 0 | W97: =IFERROR(U97/T97-1,"-") -> 0 | X97: 91000 | Y97: 91000 | AA97: =IFERROR(Y97-X97,"-") -> 0 | AB97: =IFERROR(Y97/X97-1,"-") -> 0 | AC97: 91000 | AE97: 91000 | AF97: =IFERROR(AE97-AC97,"-") -> 0 | AH97: =IFERROR(AE97/AC97-1,"-") -> 0 | AI97: 91000 | AJ97: 91000 | AK97: =IFERROR(AJ97-AI97,"-") -> 0 | AL97: =IFERROR(AJ97/AI97-1,"-") -> 0 | AM97: 91000 | AN97: 91000 | AO97: =IFERROR(AN97-AM97,"-") -> 0 | AP97: =IFERROR(AN97/AM97-1,"-") -> 0 | AQ97: 91000 | AR97: 91000 | AS97: =IFERROR(AR97-AQ97,"-") -> 0 | AT97: =IFERROR(AR97/AQ97-1,"-") -> 0 | AU97: 91000 | AV97: 91000 | AW97: =IFERROR(AV97-AU97,"-") -> 0 | AX97: =IFERROR(AV97/AU97-1,"-") -> 0 | AY97: 91000 | AZ97: 91000 | BA97: =IFERROR(AZ97-AY97,"-") -> 0 | BB97: =IFERROR(AZ97/AY97-1,"-") -> 0 | BC97: 91000 | BD97: 91000 | BE97: =IFERROR(BD97-BC97,"-") -> 0 | BF97: =IFERROR(BD97/BC97-1,"-") -> 0 | BG97: 91000 | BH97: 91000 | BI97: =IFERROR(BH97-BG97,"-") -> 0 | BJ97: =IFERROR(BH97/BG97-1,"-") -> 0 | BK97: =SUM(L97,P97,T97,X97,AC97,AI97,AM97,AQ97,AU97,AY97,BC97,BG97) -> 1269000 | BL97: =SUM(L97,P97,T97,X97,AC97,AI97) -> 723000 | BM97: =SUM(L97,P97,T97,X97,AC97,AI97,AM97) -> 814000 | BN97: =SUM(M97,Q97,U97,Y97,AE97,AJ97,AN97,AR97,AV97,AZ97,BD97,BH97) -> 1269000 | BO97: =IFERROR(BN97/BK97-1,"-") -> 0
J99: QUI O QUA | L99: jan | M99: jan (real) | N99: Diferença (jan) | O99: Comparativo (jan) | P99: fev | Q99: fev (real) | R99: Diferença (fev) | S99: Comparativo (fev) | T99: mar | U99: mar(real) | V99: Diferença (mar) | W99: Comparativo(abr) | X99: abr | Y99: abr(real) | AA99: Diferença (abr) | AB99: Comparativo(abr) | AC99: mai | AE99: mai (real) | AF99: Diferença (mai) | AH99: Comparativo (mai) | AI99: jun | AJ99: jun (real) | AK99: Diferença (jun) | AL99: Comparativo (jun) | AM99: jul | AN99: jul (real) | AO99: Diferença (jul) | AP99: Comparativo (jul) | AQ99: ago | AR99: ago (real) | AS99: Diferença (ago) | AT99: Comparativo (ago) | AU99: set | AV99: set (real) | AW99: Diferença (set) | AX99: Comparativo (set) | AY99: out | AZ99: out (real) | BA99: Diferença (out) | BB99: Comparativo (out) | BC99: nov | BD99: nov (real) | BE99: Diferença (nov) | BF99: Comparativo (nov) | BG99: dez | BH99: dez (real) | BI99: Diferença (dez) | BJ99: Comparativo (dez) | BK99: 2026 (Projeção) | BL99: 2026 (Projeção Jun) | BM99: 2026 (Projeção até Jul) | BN99: 2026 (real) | BO99: 2026 (Projeção x Real) | BP99: 2025
B101: 14 | C101: TASTEFY | D101: =200000*12 -> 2400000 | E101: 50 | F101: =E101*D101 -> 120000000 | G101: - | H101: - | I101: - | J101: % do mês no ano | L101: - | M101: - | N101: - | O101: Taxa | P101: - | Q101: - | R101: - | S101: Taxa | T101: - | U101: - | V101: - | W101: Taxa | X101: - | Y101: - | AA101: - | AB101: Taxa | AC101: 0.07 | AE101: =AE102/(BK102-(L102+P102+T102+X102)) -> 0 | AF101: - | AH101: Taxa | AI101: 0.08 | AJ101: 0.0042551429 | AK101: - | AL101: Taxa | AM101: 0.09 | AN101: 0.0032722857 | AO101: - | AP101: Taxa | AQ101: 0.1 | AR101: =AR102/(BK102-(L102+P102+T102+X102)) -> 0 | AS101: - | AT101: Taxa | AU101: 0.11 | AV101: =AV102/(BK102-(L102+P102+T102+X102)) -> 0 | AW101: - | AX101: Taxa | AY101: 0.13 | AZ101: =AZ102/(BK102-(L102+P102+T102+X102)) -> 0 | BA101: - | BB101: Taxa | BC101: 0.15 | BD101: =BD102/(BK102-(L102+P102+T102+X102)) -> 0 | BE101: - | BF101: Taxa | BG101: 0.27 | BH101: =BH102/(BK102-(L102+P102+T102+X102)) -> 0 | BI101: - | BJ101: Taxa | BK101: =SUM(AC101,AI101,AM101,AQ101,AU101,AY101,BC101,BG101) -> 1 | BL101: =SUM(AC101,AI101) -> 0.15 | BM101: =SUM(T101,X101,AC101,AI101,AM101) -> 0.24 | BN101: =SUM(AE101,AJ101,AN101,AR101,AV101,AZ101,BD101,BH101) -> 0.0075274286 | BP101: -
J102: GMV | L102: 0 | M102: 0 | N102: =IFERROR(M102-L102,"-") -> 0 | O102: =IFERROR(M102/L102-1,"-") -> - | P102: 0 | Q102: 0 | R102: =IFERROR(Q102-P102,"-") -> 0 | S102: =IFERROR(Q102/P102-1,"-") -> - | T102: 0 | U102: 0 | V102: =IFERROR(U102-T102,"-") -> 0 | W102: =IFERROR(U102/T102-1,"-") -> - | X102: 0 | Y102: 0 | AA102: =IFERROR(Y102-X102,"-") -> 0 | AB102: =IFERROR(Y102/X102-1,"-") -> - | AC102: =($BK$102-($L$102+$P$102))*AC101 -> 2450 | AE102: 0 | AF102: =IFERROR(AE102-AC102,"-") -> -2450 | AH102: =IFERROR(AE102/AC102-1,"-") -> -1 | AI102: =($BK$102-($L$102+$P$102))*AI101 -> 2800 | AJ102: 148.93 | AK102: =IFERROR(AJ102-AI102,"-") -> -2651.07 | AL102: =IFERROR(AJ102/AI102-1,"-") -> -0.94681071 | AM102: =($BK$102-($L$102+$P$102))*AM101 -> 3150 | AN102: 114.53 | AO102: =IFERROR(AN102-AM102,"-") -> -3035.47 | AP102: =IFERROR(AN102/AM102-1,"-") -> -0.96364127 | AQ102: =($BK$102-($L$102+$P$102))*AQ101 -> 3500 | AR102: 0 | AS102: =IFERROR(AR102-AQ102,"-") -> -3500 | AT102: =IFERROR(AR102/AQ102-1,"-") -> -1 | AU102: =($BK$102-($L$102+$P$102))*AU101 -> 3850 | AV102: 0 | AW102: =IFERROR(AV102-AU102,"-") -> -3850 | AX102: =IFERROR(AV102/AU102-1,"-") -> -1 | AY102: =($BK$102-($L$102+$P$102))*AY101 -> 4550 | AZ102: 0 | BA102: =IFERROR(AZ102-AY102,"-") -> -4550 | BB102: =IFERROR(AZ102/AY102-1,"-") -> -1 | BC102: =($BK$102-($L$102+$P$102))*BC101 -> 5250 | BD102: 0 | BE102: =IFERROR(BD102-BC102,"-") -> -5250 | BF102: =IFERROR(BD102/BC102-1,"-") -> -1 | BG102: =($BK$102-($L$102+$P$102))*BG101 -> 9450 | BH102: 0 | BI102: =IFERROR(BH102-BG102,"-") -> -9450 | BJ102: =IFERROR(BH102/BG102-1,"-") -> -1 | BK102: 35000 | BL102: =SUM(L102,P102,T102,X102,AC102,AI102) -> 5250 | BM102: =SUM(L102,P102,T102,X102,AC102,AI102,AM102) -> 8400 | BN102: =SUM(M102,Q102,U102,Y102,AE102,AJ102,AN102,AR102,AV102,AZ102,BD102,BH102) -> 263.46 | BO102: =IFERROR(BN102/BK102-1,"-") -> -0.99247257 | BP102: - | BQ102: =IFERROR((BK102/BP102),"-") -> -
J103: Pedidos | L103: =L102/$K$104 -> 0 | M103: 0 | N103: =IFERROR(M103-L103,"-") -> 0 | O103: =IFERROR(M103/L103-1,"-") -> - | P103: 0 | Q103: 0 | R103: =IFERROR(Q103-P103,"-") -> 0 | S103: =IFERROR(Q103/P103-1,"-") -> - | T103: =T102/$K$104 -> 0 | U103: 0 | V103: =IFERROR(U103-T103,"-") -> 0 | W103: =IFERROR(U103/T103-1,"-") -> - | X103: =X102/$K$104 -> 0 | Y103: 0 | AA103: =IFERROR(Y103-X103,"-") -> 0 | AB103: =IFERROR(Y103/X103-1,"-") -> - | AC103: =AC102/$K$104 -> 21.304348 | AE103: 0 | AF103: =IFERROR(AE103-AC103,"-") -> -21.304348 | AH103: =IFERROR(AE103/AC103-1,"-") -> -1 | AI103: =AI102/$K$104 -> 24.347826 | AJ103: 1 | AK103: =IFERROR(AJ103-AI103,"-") -> -23.347826 | AL103: =IFERROR(AJ103/AI103-1,"-") -> -0.95892857 | AM103: =AM102/$K$104 -> 27.391304 | AN103: 1 | AO103: =IFERROR(AN103-AM103,"-") -> -26.391304 | AP103: =IFERROR(AN103/AM103-1,"-") -> -0.96349206 | AQ103: =AQ102/$K$104 -> 30.434783 | AR103: 0 | AS103: =IFERROR(AR103-AQ103,"-") -> -30.434783 | AT103: =IFERROR(AR103/AQ103-1,"-") -> -1 | AU103: =AU102/$K$104 -> 33.478261 | AV103: 0 | AW103: =IFERROR(AV103-AU103,"-") -> -33.478261 | AX103: =IFERROR(AV103/AU103-1,"-") -> -1 | AY103: =AY102/$K$104 -> 39.565217 | AZ103: 0 | BA103: =IFERROR(AZ103-AY103,"-") -> -39.565217 | BB103: =IFERROR(AZ103/AY103-1,"-") -> -1 | BC103: =BC102/$K$104 -> 45.652174 | BD103: 0 | BE103: =IFERROR(BD103-BC103,"-") -> -45.652174 | BF103: =IFERROR(BD103/BC103-1,"-") -> -1 | BG103: =BG102/$K$104 -> 82.173913 | BH103: 0 | BI103: =IFERROR(BH103-BG103,"-") -> -82.173913 | BJ103: =IFERROR(BH103/BG103-1,"-") -> -1 | BK103: =SUM(L103,P103,T103,X103,AC103,AI103,AM103,AQ103,AU103,AY103,BC103,BG103) -> 304.34783 | BL103: =SUM(L103,P103,T103,X103,AC103,AI103) -> 45.652174 | BM103: =SUM(L103,P103,T103,X103,AC103,AI103,AM103) -> 73.043478 | BN103: =SUM(M103,Q103,U103,Y103,AE103,AJ103,AN103,AR103,AV103,AZ103,BD103,BH103) -> 2 | BO103: =IFERROR(BN103/BK103-1,"-") -> -0.99342857 | BP103: - | BQ103: =IFERROR((BK103/BP103),"-") -> -
J104: Ticket Médio | K104: 115 | L104: =IFERROR(L102/L103,"-") -> - | M104: =IFERROR(M102/M103,"-") -> - | N104: =IFERROR(M104-L104,"-") -> - | O104: =IFERROR(M104/L104-1,"-") -> - | P104: =IFERROR(P102/P103,"-") -> - | Q104: =IFERROR(Q102/Q103,"-") -> - | R104: =IFERROR(Q104-P104,"-") -> - | S104: =IFERROR(Q104/P104-1,"-") -> - | T104: =IFERROR(T102/T103,"-") -> - | U104: =IFERROR(U102/U103,"-") -> - | V104: =IFERROR(U104-T104,"-") -> - | W104: =IFERROR(U104/T104-1,"-") -> - | X104: =IFERROR(X102/X103,"-") -> - | Y104: =IFERROR(Y102/Y103,"-") -> - | AA104: =IFERROR(Y104-X104,"-") -> - | AB104: =IFERROR(Y104/X104-1,"-") -> - | AC104: =AC102/AC103 -> 115 | AE104: =IFERROR(AE102/AE103,"-") -> - | AF104: =IFERROR(AE104-AC104,"-") -> - | AH104: =IFERROR(AE104/AC104-1,"-") -> - | AI104: =AI102/AI103 -> 115 | AJ104: 148.93 | AK104: =IFERROR(AJ104-AI104,"-") -> 33.93 | AL104: =IFERROR(AJ104/AI104-1,"-") -> 0.29504348 | AM104: =AM102/AM103 -> 115 | AN104: 114.53 | AO104: =IFERROR(AN104-AM104,"-") -> -0.47 | AP104: =IFERROR(AN104/AM104-1,"-") -> -0.0040869565 | AQ104: =AQ102/AQ103 -> 115 | AR104: =IFERROR(AR102/AR103,"-") -> - | AS104: =IFERROR(AR104-AQ104,"-") -> - | AT104: =IFERROR(AR104/AQ104-1,"-") -> - | AU104: =AU102/AU103 -> 115 | AV104: =IFERROR(AV102/AV103,"-") -> - | AW104: =IFERROR(AV104-AU104,"-") -> - | AX104: =IFERROR(AV104/AU104-1,"-") -> - | AY104: =AY102/AY103 -> 115 | AZ104: =IFERROR(AZ102/AZ103,"-") -> - | BA104: =IFERROR(AZ104-AY104,"-") -> - | BB104: =IFERROR(AZ104/AY104-1,"-") -> - | BC104: =BC102/BC103 -> 115 | BD104: =IFERROR(BD102/BD103,"-") -> - | BE104: =IFERROR(BD104-BC104,"-") -> - | BF104: =IFERROR(BD104/BC104-1,"-") -> - | BG104: =BG102/BG103 -> 115 | BH104: =IFERROR(BH102/BH103,"-") -> - | BI104: =IFERROR(BH104-BG104,"-") -> - | BJ104: =IFERROR(BH104/BG104-1,"-") -> - | BK104: =BK102/BK103 -> 115 | BL104: =IFERROR(BL102/BL103,"-") -> 115 | BM104: =IFERROR(BM102/BM103,"-") -> 115 | BN104: =IFERROR(BN102/BN103,"-") -> 131.73 | BO104: =IFERROR(BN104/BK104-1,"-") -> 0.14547826
J105: Receita Hanzo | K105: 199 | L105: =K105*1 -> 199 | M105: =L105*1 -> 199 | N105: =IFERROR(M105-L105,"-") -> 0 | O105: =IFERROR(M105/L105-1,"-") -> 0 | P105: =L105*1 -> 199 | Q105: =M105*1 -> 199 | R105: =IFERROR(Q105-P105,"-") -> 0 | S105: =IFERROR(Q105/P105-1,"-") -> 0 | T105: =P105*1 -> 199 | U105: =Q105*1 -> 199 | V105: =IFERROR(U105-T105,"-") -> 0 | W105: =IFERROR(U105/T105-1,"-") -> 0 | X105: =T105*1 -> 199 | Y105: =U105*1 -> 199 | AA105: =IFERROR(Y105-X105,"-") -> 0 | AB105: =IFERROR(Y105/X105-1,"-") -> 0 | AC105: =X105*1 -> 199 | AE105: =Y105*1 -> 199 | AF105: =IFERROR(AE105-AC105,"-") -> 0 | AH105: =IFERROR(AE105/AC105-1,"-") -> 0 | AI105: =AC105*1 -> 199 | AJ105: 199 | AK105: =IFERROR(AJ105-AI105,"-") -> 0 | AL105: =IFERROR(AJ105/AI105-1,"-") -> 0 | AM105: =AI105*1 -> 199 | AN105: 199 | AO105: =IFERROR(AN105-AM105,"-") -> 0 | AP105: =IFERROR(AN105/AM105-1,"-") -> 0 | AQ105: =AM105*1 -> 199 | AR105: =AN105*1 -> 199 | AS105: =IFERROR(AR105-AQ105,"-") -> 0 | AT105: =IFERROR(AR105/AQ105-1,"-") -> 0 | AU105: =AQ105*1 -> 199 | AV105: =AR105*1 -> 199 | AW105: =IFERROR(AV105-AU105,"-") -> 0 | AX105: =IFERROR(AV105/AU105-1,"-") -> 0 | AY105: =AU105*1 -> 199 | AZ105: =AV105*1 -> 199 | BA105: =IFERROR(AZ105-AY105,"-") -> 0 | BB105: =IFERROR(AZ105/AY105-1,"-") -> 0 | BC105: =AY105*1 -> 199 | BD105: =AY105*1 -> 199 | BE105: =IFERROR(BD105-BC105,"-") -> 0 | BF105: =IFERROR(BD105/BC105-1,"-") -> 0 | BG105: =BC105*1 -> 199 | BH105: =BD105*1 -> 199 | BI105: =IFERROR(BH105-BG105,"-") -> 0 | BJ105: =IFERROR(BH105/BG105-1,"-") -> 0 | BK105: =SUM(L105,P105,T105,X105,AC105,AI105,AM105,AQ105,AU105,AY105,BC105,BG105) -> 2388 | BL105: =SUM(L105,P105,T105,X105,AC105,AI105) -> 1194 | BM105: =SUM(L105,P105,T105,X105,AC105,AI105,AM105) -> 1393 | BN105: =SUM(M105,Q105,U105,Y105,AE105,AJ105,AN105,AR105,AV105,AZ105,BD105,BH105) -> 2388 | BO105: =IFERROR(BN105/BK105-1,"-") -> 0 | BP105: - | BQ105: =IFERROR((BK105/BP105),"-") -> -
R106: 15 | S106: 25
J107: TASTEFY (+180) | L107: jan | M107: jan (real) | N107: Diferença (jan) | O107: Comparativo (jan) | P107: fev | Q107: fev (real) | R107: Diferença (fev) | S107: Comparativo (fev) | T107: mar | U107: mar(real) | V107: Diferença (mar) | W107: Comparativo(abr) | X107: abr | Y107: abr(real) | AA107: Diferença (abr) | AB107: Comparativo(abr) | AC107: mai | AE107: mai (real) | AF107: Diferença (mai) | AH107: Comparativo (mai) | AI107: jun | AJ107: jun (real) | AK107: Diferença (jun) | AL107: Comparativo (jun) | AM107: jul | AN107: jul (real) | AO107: Diferença (jul) | AP107: Comparativo (jul) | AQ107: ago | AR107: ago (real) | AS107: Diferença (ago) | AT107: Comparativo (ago) | AU107: set | AV107: set (real) | AW107: Diferença (set) | AX107: Comparativo (set) | AY107: out | AZ107: out (real) | BA107: Diferença (out) | BB107: Comparativo (out) | BC107: nov | BD107: nov (real) | BE107: Diferença (nov) | BF107: Comparativo (nov) | BG107: dez | BH107: dez (real) | BI107: Diferença (dez) | BJ107: Comparativo (dez) | BK107: 2026 (Projeção) | BL107: 2026 (Projeção Jun) | BM107: 2026 (Projeção até Jul) | BN107: 2026 (real) | BO107: 2026 (Projeção x Real) | BP107: 2025
B109: 15 | C109: VINIL BURGER | D109: =3500*4*12 -> 168000 | E109: 40 | F109: =E109*D109 -> 6720000 | G109: 9705 | H109: 519 | I109: 18.699422 | J109: % do mês no ano | L109: - | M109: - | N109: - | O109: Taxa | P109: - | Q109: - | R109: - | S109: Taxa | T109: - | U109: - | V109: - | W109: Taxa | X109: - | Y109: - | AA109: - | AB109: Taxa | AC109: - | AE109: - | AF109: - | AH109: Taxa | AI109: 0.02 | AJ109: 0 | AK109: - | AL109: Taxa | AM109: 0.03 | AN109: 0 | AO109: - | AP109: Taxa | AQ109: 0.05 | AR109: =AR110/(BK110-(L110+P110+T110+X110+AC110)) -> 0 | AS109: - | AT109: Taxa | AU109: 0.2 | AV109: =AV110/(BK110-(L110+P110+T110+X110+AC110)) -> 0 | AW109: - | AX109: Taxa | AY109: 0.2 | AZ109: =AZ110/(BK110-(L110+P110+T110+X110+AC110)) -> 0 | BA109: - | BB109: Taxa | BC109: 0.25 | BD109: =BD110/(BK110-(L110+P110+T110+X110+AC110)) -> 0 | BE109: - | BF109: Taxa | BG109: 0.25 | BH109: =BH110/(BK110-(L110+P110+T110+X110++AC110)) -> 0 | BI109: - | BJ109: Taxa | BK109: =SUM(AI109,AM109,AQ109,AU109,AY109,BC109,BG109) -> 1 | BL109: =SUM(AC109,AI109) -> 0.02 | BM109: =SUM(T109,X109,AC109,AI109,AM109) -> 0.05 | BN109: =SUM(AJ109,AN109,AR109,AV109,AZ109,BD109,BH109) -> 0 | BP109: -
J110: GMV | L110: 0 | M110: 0 | N110: =IFERROR(M110-L110,"-") -> 0 | O110: =IFERROR(M110/L110-1,"-") -> - | P110: 0 | Q110: 0 | R110: =IFERROR(Q110-P110,"-") -> 0 | S110: =IFERROR(Q110/P110-1,"-") -> - | T110: 0 | U110: 3.99 | V110: =IFERROR(U110-T110,"-") -> 3.99 | W110: =IFERROR(U110/T110-1,"-") -> - | X110: 0 | Y110: 3332.19 | AA110: =IFERROR(Y110-X110,"-") -> 3332.19 | AB110: =IFERROR(Y110/X110-1,"-") -> - | AC110: 0 | AE110: 24.95 | AF110: =IFERROR(AE110-AC110,"-") -> 24.95 | AH110: =IFERROR(AE110/AC110-1,"-") -> - | AI110: =($BK$110-($L$110+$P$110))*AI109 -> 14000 | AJ110: 0 | AK110: =IFERROR(AJ110-AI110,"-") -> -14000 | AL110: =IFERROR(AJ110/AI110-1,"-") -> -1 | AM110: =($BK$110-($L$110+$P$110))*AM109 -> 21000 | AN110: 0 | AO110: =IFERROR(AN110-AM110,"-") -> -21000 | AP110: =IFERROR(AN110/AM110-1,"-") -> -1 | AQ110: =($BK$110-($L$110+$P$110))*AQ109 -> 35000 | AR110: 0 | AS110: =IFERROR(AR110-AQ110,"-") -> -35000 | AT110: =IFERROR(AR110/AQ110-1,"-") -> -1 | AU110: =($BK$110-($L$110+$P$110))*AU109 -> 140000 | AV110: 0 | AW110: =IFERROR(AV110-AU110,"-") -> -140000 | AX110: =IFERROR(AV110/AU110-1,"-") -> -1 | AY110: =($BK$110-($L$110+$P$110))*AY109 -> 140000 | AZ110: 0 | BA110: =IFERROR(AZ110-AY110,"-") -> -140000 | BB110: =IFERROR(AZ110/AY110-1,"-") -> -1 | BC110: =($BK$110-($L$110+$P$110))*BC109 -> 175000 | BD110: 0 | BE110: =IFERROR(BD110-BC110,"-") -> -175000 | BF110: =IFERROR(BD110/BC110-1,"-") -> -1 | BG110: =($BK$110-($L$110+$P$110))*BG109 -> 175000 | BH110: 0 | BI110: =IFERROR(BH110-BG110,"-") -> -175000 | BJ110: =IFERROR(BH110/BG110-1,"-") -> -1 | BK110: 700000 | BL110: =SUM(L110,P110,T110,X110,AC110,AI110) -> 14000 | BM110: =SUM(L110,P110,T110,X110,AC110,AI110,AM110) -> 35000 | BN110: =SUM(M110,Q110,U110,Y110,AE110,AJ110,AN110,AR110,AV110,AZ110,BD110,BH110) -> 3361.13 | BO110: =IFERROR(BN110/BK110-1,"-") -> -0.99519839 | BP110: 0 | BQ110: =IFERROR((BK110/BP110),"-") -> -
J111: Pedidos | L111: =L110/$K$112 -> 0 | M111: 0 | N111: =IFERROR(M111-L111,"-") -> 0 | O111: =IFERROR(M111/L111-1,"-") -> - | P111: =P110/$K$112 -> 0 | Q111: 0 | R111: =IFERROR(Q111-P111,"-") -> 0 | S111: =IFERROR(Q111/P111-1,"-") -> - | T111: 0 | U111: 1 | V111: =IFERROR(U111-T111,"-") -> 1 | W111: =IFERROR(U111/T111-1,"-") -> - | X111: =X110/$K$112 -> 0 | Y111: 462 | AA111: =IFERROR(Y111-X111,"-") -> 462 | AB111: =IFERROR(Y111/X111-1,"-") -> - | AC111: =AC110/$K$112 -> 0 | AE111: 5 | AF111: =IFERROR(AE111-AC111,"-") -> 5 | AH111: =IFERROR(AE111/AC111-1,"-") -> - | AI111: =AI110/$K$112 -> 280 | AJ111: 0 | AK111: =IFERROR(AJ111-AI111,"-") -> -280 | AL111: =IFERROR(AJ111/AI111-1,"-") -> -1 | AM111: =AM110/$K$112 -> 420 | AN111: 0 | AO111: =IFERROR(AN111-AM111,"-") -> -420 | AP111: =IFERROR(AN111/AM111-1,"-") -> -1 | AQ111: =AQ110/$K$112 -> 700 | AR111: 0 | AS111: =IFERROR(AR111-AQ111,"-") -> -700 | AT111: =IFERROR(AR111/AQ111-1,"-") -> -1 | AU111: =AU110/$K$112 -> 2800 | AV111: 0 | AW111: =IFERROR(AV111-AU111,"-") -> -2800 | AX111: =IFERROR(AV111/AU111-1,"-") -> -1 | AY111: =AY110/$K$112 -> 2800 | AZ111: 0 | BA111: =IFERROR(AZ111-AY111,"-") -> -2800 | BB111: =IFERROR(AZ111/AY111-1,"-") -> -1 | BC111: =BC110/$K$112 -> 3500 | BD111: 0 | BE111: =IFERROR(BD111-BC111,"-") -> -3500 | BF111: =IFERROR(BD111/BC111-1,"-") -> -1 | BG111: =BG110/$K$112 -> 3500 | BH111: 0 | BI111: =IFERROR(BH111-BG111,"-") -> -3500 | BJ111: =IFERROR(BH111/BG111-1,"-") -> -1 | BK111: =SUM(L111,P111,T111,X111,AC111,AI111,AM111,AQ111,AU111,AY111,BC111,BG111) -> 14000 | BL111: =SUM(L111,P111,T111,X111,AC111,AI111) -> 280 | BM111: =SUM(L111,P111,T111,X111,AC111,AI111,AM111) -> 700 | BN111: =SUM(M111,Q111,U111,Y111,AE111,AJ111,AN111,AR111,AV111,AZ111,BD111,BH111) -> 468 | BO111: =IFERROR(BN111/BK111-1,"-") -> -0.96657143 | BP111: 0 | BQ111: =IFERROR((BK111/BP111),"-") -> -
J112: Ticket Médio | K112: 50 | L112: =IFERROR(L110/L111,"-") -> - | M112: =IFERROR(M110/M111,"-") -> - | N112: =IFERROR(M112-L112,"-") -> - | O112: =IFERROR(M112/L112-1,"-") -> - | P112: =IFERROR(P110/P111,"-") -> - | Q112: =IFERROR(Q110/Q111,"-") -> - | R112: =IFERROR(Q112-P112,"-") -> - | S112: =IFERROR(Q112/P112-1,"-") -> - | T112: =IFERROR(T110/T111,"-") -> - | U112: =IFERROR(U110/U111,"-") -> 3.99 | V112: =IFERROR(U112-T112,"-") -> - | W112: =IFERROR(U112/T112-1,"-") -> - | X112: =IFERROR(X110/X111,"-") -> - | Y112: =IFERROR(Y110/Y111,"-") -> 7.2125325 | AA112: =IFERROR(Y112-X112,"-") -> - | AB112: =IFERROR(Y112/X112-1,"-") -> - | AC112: =IFERROR(AC110/AC111,"-") -> - | AE112: =IFERROR(AE110/AE111,"-") -> 4.99 | AF112: =IFERROR(AE112-AC112,"-") -> - | AH112: =IFERROR(AE112/AC112-1,"-") -> - | AI112: =AI110/AI111 -> 50 | AJ112: - | AK112: =IFERROR(AJ112-AI112,"-") -> - | AL112: =IFERROR(AJ112/AI112-1,"-") -> - | AM112: =AM110/AM111 -> 50 | AN112: - | AO112: =IFERROR(AN112-AM112,"-") -> - | AP112: =IFERROR(AN112/AM112-1,"-") -> - | AQ112: =AQ110/AQ111 -> 50 | AR112: =IFERROR(AR110/AR111,"-") -> - | AS112: =IFERROR(AR112-AQ112,"-") -> - | AT112: =IFERROR(AR112/AQ112-1,"-") -> - | AU112: =AU110/AU111 -> 50 | AV112: =IFERROR(AV110/AV111,"-") -> - | AW112: =IFERROR(AV112-AU112,"-") -> - | AX112: =IFERROR(AV112/AU112-1,"-") -> - | AY112: =AY110/AY111 -> 50 | AZ112: =IFERROR(AZ110/AZ111,"-") -> - | BA112: =IFERROR(AZ112-AY112,"-") -> - | BB112: =IFERROR(AZ112/AY112-1,"-") -> - | BC112: =BC110/BC111 -> 50 | BD112: =IFERROR(BD110/BD111,"-") -> - | BE112: =IFERROR(BD112-BC112,"-") -> - | BF112: =IFERROR(BD112/BC112-1,"-") -> - | BG112: =BG110/BG111 -> 50 | BH112: =IFERROR(BH110/BH111,"-") -> - | BI112: =IFERROR(BH112-BG112,"-") -> - | BJ112: =IFERROR(BH112/BG112-1,"-") -> - | BK112: =BK110/BK111 -> 50 | BL112: =IFERROR(BL110/BL111,"-") -> 50 | BM112: =IFERROR(BM110/BM111,"-") -> 50 | BN112: =BN110/BN111 -> 7.1819017 | BO112: =IFERROR(BN112/BK112-1,"-") -> -0.85636197
J113: Receita Hanzo | K113: 0.02 | L113: =IF(L111=0, 0, (L110/L111) * ( MIN(L111, 50000) * 0.02 + MAX(0, MIN(L111, 100000) - 50000) * 0.015 + MAX(0, L111 - 100000) * 0.01 )) -> 0 | M113: =IF(M111=0, 0, (M110/M111) * ( MIN(M111, 50000) * 0.02 + MAX(0, MIN(M111, 100000) - 50000) * 0.015 + MAX(0, M111 - 100000) * 0.01 )) -> 0 | N113: =IFERROR(M113-L113,"-") -> 0 | O113: =IFERROR(M113/L113-1,"-") -> - | P113: =IF(P111=0, 0, (P110/P111) * ( MIN(P111, 50000) * 0.02 + MAX(0, MIN(P111, 100000) - 50000) * 0.015 + MAX(0, P111 - 100000) * 0.01 )) -> 0 | Q113: =IF(Q111=0, 0, (Q110/Q111) * ( MIN(Q111, 50000) * 0.02 + MAX(0, MIN(Q111, 100000) - 50000) * 0.015 + MAX(0, Q111 - 100000) * 0.01 )) -> 0 | R113: =IFERROR(Q113-P113,"-") -> 0 | S113: =IFERROR(Q113/P113-1,"-") -> - | T113: =IF(T111=0, 0, (T110/T111) * ( MIN(T111, 50000) * 0.02 + MAX(0, MIN(T111, 100000) - 50000) * 0.015 + MAX(0, T111 - 100000) * 0.01 )) -> 0 | U113: =IF(U111=0, 0, (U110/U111) * ( MIN(U111, 50000) * 0.02 + MAX(0, MIN(U111, 100000) - 50000) * 0.015 + MAX(0, U111 - 100000) * 0.01 )) -> 0.0798 | V113: =IFERROR(U113-T113,"-") -> 0.0798 | W113: =IFERROR(U113/T113-1,"-") -> - | X113: =IF(X111=0, 0, (X110/X111) * ( MIN(X111, 50000) * 0.02 + MAX(0, MIN(X111, 100000) - 50000) * 0.015 + MAX(0, X111 - 100000) * 0.01 )) -> 0 | Y113: =IF(Y111=0, 0, (Y110/Y111) * ( MIN(Y111, 50000) * 0.02 + MAX(0, MIN(Y111, 100000) - 50000) * 0.015 + MAX(0, Y111 - 100000) * 0.01 )) -> 66.6438 | AA113: =IFERROR(Y113-X113,"-") -> 66.6438 | AB113: =IFERROR(Y113/X113-1,"-") -> - | AC113: =IF(AC111=0, 0, (AC110/AC111) * ( MIN(AC111, 50000) * 0.02 + MAX(0, MIN(AC111, 100000) - 50000) * 0.015 + MAX(0, AC111 - 100000) * 0.01 )) -> 0 | AE113: =IF(AE111=0, 0, (AE110/AE111) * ( MIN(AE111, 50000) * 0.02 + MAX(0, MIN(AE111, 100000) - 50000) * 0.015 + MAX(0, AE111 - 100000) * 0.01 )) -> 0.499 | AF113: =IFERROR(AE113-AC113,"-") -> 0.499 | AH113: =IFERROR(AE113/AC113-1,"-") -> - | AI113: =IF(AI111=0, 0, (AI110/AI111) * ( MIN(AI111, 50000) * 0.02 + MAX(0, MIN(AI111, 100000) - 50000) * 0.015 + MAX(0, AI111 - 100000) * 0.01 )) -> 280 | AJ113: 0 | AK113: =IFERROR(AJ113-AI113,"-") -> -280 | AL113: =IFERROR(AJ113/AI113-1,"-") -> -1 | AM113: =IF(AM111=0, 0, (AM110/AM111) * ( MIN(AM111, 50000) * 0.02 + MAX(0, MIN(AM111, 100000) - 50000) * 0.015 + MAX(0, AM111 - 100000) * 0.01 )) -> 420 | AN113: 0 | AO113: =IFERROR(AN113-AM113,"-") -> -420 | AP113: =IFERROR(AN113/AM113-1,"-") -> -1 | AQ113: =IF(AQ111=0, 0, (AQ110/AQ111) * ( MIN(AQ111, 50000) * 0.02 + MAX(0, MIN(AQ111, 100000) - 50000) * 0.015 + MAX(0, AQ111 - 100000) * 0.01 )) -> 700 | AR113: =IF(AR111=0, 0, (AR110/AR111) * ( MIN(AR111, 50000) * 0.02 + MAX(0, MIN(AR111, 100000) - 50000) * 0.015 + MAX(0, AR111 - 100000) * 0.01 )) -> 0 | AS113: =IFERROR(AR113-AQ113,"-") -> -700 | AT113: =IFERROR(AR113/AQ113-1,"-") -> -1 | AU113: =IF(AU111=0, 0, (AU110/AU111) * ( MIN(AU111, 50000) * 0.02 + MAX(0, MIN(AU111, 100000) - 50000) * 0.015 + MAX(0, AU111 - 100000) * 0.01 )) -> 2800 | AV113: =IF(AV111=0, 0, (AV110/AV111) * ( MIN(AV111, 50000) * 0.02 + MAX(0, MIN(AV111, 100000) - 50000) * 0.015 + MAX(0, AV111 - 100000) * 0.01 )) -> 0 | AW113: =IFERROR(AV113-AU113,"-") -> -2800 | AX113: =IFERROR(AV113/AU113-1,"-") -> -1 | AY113: =IF(AY111=0, 0, (AY110/AY111) * ( MIN(AY111, 50000) * 0.02 + MAX(0, MIN(AY111, 100000) - 50000) * 0.015 + MAX(0, AY111 - 100000) * 0.01 )) -> 2800 | AZ113: =IF(AZ111=0, 0, (AZ110/AZ111) * ( MIN(AZ111, 50000) * 0.02 + MAX(0, MIN(AZ111, 100000) - 50000) * 0.015 + MAX(0, AZ111 - 100000) * 0.01 )) -> 0 | BA113: =IFERROR(AZ113-AY113,"-") -> -2800 | BB113: =IFERROR(AZ113/AY113-1,"-") -> -1 | BC113: =IF(BC111=0, 0, (BC110/BC111) * ( MIN(BC111, 50000) * 0.02 + MAX(0, MIN(BC111, 100000) - 50000) * 0.015 + MAX(0, BC111 - 100000) * 0.01 )) -> 3500 | BD113: =IF(BD111=0, 0, (BD110/BD111) * ( MIN(BD111, 50000) * 0.02 + MAX(0, MIN(BD111, 100000) - 50000) * 0.015 + MAX(0, BD111 - 100000) * 0.01 )) -> 0 | BE113: =IFERROR(BD113-BC113,"-") -> -3500 | BF113: =IFERROR(BD113/BC113-1,"-") -> -1 | BG113: =IF(BG111=0, 0, (BG110/BG111) * ( MIN(BG111, 50000) * 0.02 + MAX(0, MIN(BG111, 100000) - 50000) * 0.015 + MAX(0, BG111 - 100000) * 0.01 )) -> 3500 | BH113: =IF(BH111=0, 0, (BH110/BH111) * ( MIN(BH111, 50000) * 0.02 + MAX(0, MIN(BH111, 100000) - 50000) * 0.015 + MAX(0, BH111 - 100000) * 0.01 )) -> 0 | BI113: =IFERROR(BH113-BG113,"-") -> -3500 | BJ113: =IFERROR(BH113/BG113-1,"-") -> -1 | BK113: =SUM(L113,P113,T113,X113,AC113,AI113,AM113,AQ113,AU113,AY113,BC113,BG113) -> 14000 | BL113: =SUM(L113,P113,T113,X113,AC113,AI113) -> 280 | BM113: =SUM(L113,P113,T113,X113,AC113,AI113,AM113) -> 700 | BN113: =SUM(M113,Q113,U113,Y113,AE113,AJ113,AN113,AR113,AV113,AZ113,BD113,BH113) -> 67.2226 | BO113: =IFERROR(BN113/BK113-1,"-") -> -0.99519839 | BP113: 0 | BQ113: =IFERROR((BK113/BP113),"-") -> -
J115: VINIL BURGER (05) | L115: jan | M115: jan (real) | N115: Diferença (jan) | O115: Comparativo (jan) | P115: fev | Q115: fev (real) | R115: Diferença (fev) | S115: Comparativo (fev) | T115: mar | U115: mar(real) | V115: Diferença (mar) | W115: Comparativo(abr) | X115: abr | Y115: abr(real) | AA115: Diferença (abr) | AB115: Comparativo(abr) | AC115: mai | AE115: mai (real) | AF115: Diferença (mai) | AH115: Comparativo (mai) | AI115: jun | AJ115: jun (real) | AK115: Diferença (jun) | AL115: Comparativo (jun) | AM115: jul | AN115: jul (real) | AO115: Diferença (jul) | AP115: Comparativo (jul) | AQ115: ago | AR115: ago (real) | AS115: Diferença (ago) | AT115: Comparativo (ago) | AU115: set | AV115: set (real) | AW115: Diferença (set) | AX115: Comparativo (set) | AY115: out | AZ115: out (real) | BA115: Diferença (out) | BB115: Comparativo (out) | BC115: nov | BD115: nov (real) | BE115: Diferença (nov) | BF115: Comparativo (nov) | BG115: dez | BH115: dez (real) | BI115: Diferença (dez) | BJ115: Comparativo (dez) | BK115: 2026 (Projeção) | BL115: 2026 (Projeção Jun) | BM115: 2026 (Projeção até Jul) | BN115: 2026 (real) | BO115: 2026 (Projeção x Real) | BP115: 2025
B117: 16 | C117: WE COFFEE | D117: =15000*12 -> 180000 | E117: 32 | F117: =E117*D117 -> 5760000 | G117: 356599.28 | H117: 11282 | I117: 31.607807 | J117: % do mês no ano | L117: - | M117: - | N117: - | O117: Taxa | P117: - | Q117: - | R117: - | S117: Taxa | T117: 0.03 | U117: =U118/(BK118-(L118 + P118)) -> 0.027726113 | V117: - | W117: Taxa | X117: 0.04 | Y117: =Y118/(BK118-(L118+P118)) -> 0.025017388 | AA117: - | AB117: Taxa | AC117: 0.07 | AE117: =AE118/(BK118-(L118+P118)) -> 0.018241762 | AF117: - | AH117: Taxa | AI117: 0.09 | AJ117: 0.024034975 | AK117: - | AL117: Taxa | AM117: 0.11 | AN117: 0.009441594 | AO117: - | AP117: Taxa | AQ117: 0.12 | AR117: =AR118/(BK118-(L118+P118)) -> 0 | AS117: - | AT117: Taxa | AU117: 0.12 | AV117: =AV118/(BK118-(L118+P118)) -> 0 | AW117: - | AX117: Taxa | AY117: 0.12 | AZ117: =AZ118/(BK118-(L118+P118)) -> 0 | BA117: - | BB117: Taxa | BC117: 0.16 | BD117: =BD118/(BK118-(L118+P118)) -> 0 | BE117: - | BF117: Taxa | BG117: 0.14 | BH117: =BH118/(BK118-(L118+P118)) -> 0 | BI117: - | BJ117: Taxa | BK117: =SUM(T117,X117,AC117,AI117,AM117,AQ117,AU117,AY117,BC117,BG117) -> 1 | BL117: =SUM(T117,X117,AC117,AI117) -> 0.23 | BM117: =SUM(T117,X117,AC117,AI117,AM117) -> 0.34 | BN117: =SUM(U117,Y117,AE117,AJ117,AN117,AR117,AV117,AZ117,BD117,BH117) -> 0.10446183 | BP117: -
J118: GMV | L118: 5894 | M118: 6435.6 | N118: =IFERROR(M118-L118,"-") -> 541.6 | O118: =IFERROR(M118/L118-1,"-") -> 0.091890058 | P118: 3778 | Q118: 4215.7 | R118: =IFERROR(Q118-P118,"-") -> 437.7 | S118: =IFERROR(Q118/P118-1,"-") -> 0.11585495 | T118: =($BK$118-($L$118+$P$118))*T117 -> 4209.84 | U118: 3890.75 | V118: =IFERROR(U118-T118,"-") -> -319.09 | W118: =IFERROR(U118/T118-1,"-") -> -0.07579623 | X118: =($BK$118-($L$118+$P$118))*X117 -> 5613.12 | Y118: 3510.64 | AA118: =IFERROR(Y118-X118,"-") -> -2102.48 | AB118: =IFERROR(Y118/X118-1,"-") -> -0.3745653 | AC118: =($BK$118-($L$118+$P$118))*AC117 -> 9822.96 | AE118: 2559.83 | AF118: =IFERROR(AE118-AC118,"-") -> -7263.13 | AH118: =IFERROR(AE118/AC118-1,"-") -> -0.7394034 | AI118: =($BK$118-($L$118+$P$118))*AI117 -> 12629.52 | AJ118: 3372.78 | AK118: =IFERROR(AJ118-AI118,"-") -> -9256.74 | AL118: =IFERROR(AJ118/AI118-1,"-") -> -0.73294472 | AM118: =($BK$118-($L$118+$P$118))*AM117 -> 15436.08 | AN118: 1324.92 | AO118: =IFERROR(AN118-AM118,"-") -> -14111.16 | AP118: =IFERROR(AN118/AM118-1,"-") -> -0.91416733 | AQ118: =($BK$118-($L$118+$P$118))*AQ117 -> 16839.36 | AR118: 0 | AS118: =IFERROR(AR118-AQ118,"-") -> -16839.36 | AT118: =IFERROR(AR118/AQ118-1,"-") -> -1 | AU118: =($BK$118-($L$118+$P$118))*AU117 -> 16839.36 | AV118: 0 | AW118: =IFERROR(AV118-AU118,"-") -> -16839.36 | AX118: =IFERROR(AV118/AU118-1,"-") -> -1 | AY118: =($BK$118-($L$118+$P$118))*AY117 -> 16839.36 | AZ118: 0 | BA118: =IFERROR(AZ118-AY118,"-") -> -16839.36 | BB118: =IFERROR(AZ118/AY118-1,"-") -> -1 | BC118: =($BK$118-($L$118+$P$118))*BC117 -> 22452.48 | BD118: 0 | BE118: =IFERROR(BD118-BC118,"-") -> -22452.48 | BF118: =IFERROR(BD118/BC118-1,"-") -> -1 | BG118: =($BK$118-($L$118+$P$118))*BG117 -> 19645.92 | BH118: 0 | BI118: =IFERROR(BH118-BG118,"-") -> -19645.92 | BJ118: =IFERROR(BH118/BG118-1,"-") -> -1 | BK118: 150000 | BL118: =SUM(L118,P118,T118,X118,AC118,AI118) -> 41947.44 | BM118: =SUM(L118,P118,T118,X118,AC118,AI118,AM118) -> 57383.52 | BN118: =SUM(M118,Q118,U118,Y118,AE118,AJ118,AN118,AR118,AV118,AZ118,BD118,BH118) -> 25310.22 | BO118: =IFERROR(BN118/BK118-1,"-") -> -0.8312652 | BP118: 9705 | BQ118: =BK118/BP118 -> 15.455951
J119: Pedidos | L119: =L118/$K$120 -> 196.46667 | M119: 234 | N119: =IFERROR(M119-L119,"-") -> 37.533333 | O119: =IFERROR(M119/L119-1,"-") -> 0.19104174 | P119: =P118/$K$120 -> 125.93333 | Q119: 95 | R119: =IFERROR(Q119-P119,"-") -> -30.933333 | S119: =IFERROR(Q119/P119-1,"-") -> -0.24563261 | T119: =T118/$K$120 -> 140.328 | U119: 235 | V119: =IFERROR(U119-T119,"-") -> 94.672 | W119: =IFERROR(U119/T119-1,"-") -> 0.67464797 | X119: =X118/$K$120 -> 187.104 | Y119: 191 | AA119: =IFERROR(Y119-X119,"-") -> 3.896 | AB119: =IFERROR(Y119/X119-1,"-") -> 0.020822644 | AC119: =AC118/$K$120 -> 327.432 | AE119: 198 | AF119: =IFERROR(AE119-AC119,"-") -> -129.432 | AH119: =IFERROR(AE119/AC119-1,"-") -> -0.39529429 | AI119: =AI118/$K$120 -> 420.984 | AJ119: 155 | AK119: =IFERROR(AJ119-AI119,"-") -> -265.984 | AL119: =IFERROR(AJ119/AI119-1,"-") -> -0.63181499 | AM119: =AM118/$K$120 -> 514.536 | AN119: 61 | AO119: =IFERROR(AN119-AM119,"-") -> -453.536 | AP119: =IFERROR(AN119/AM119-1,"-") -> -0.88144658 | AQ119: =AQ118/$K$120 -> 561.312 | AR119: 0 | AS119: =IFERROR(AR119-AQ119,"-") -> -561.312 | AT119: =IFERROR(AR119/AQ119-1,"-") -> -1 | AU119: =AU118/$K$120 -> 561.312 | AV119: 0 | AW119: =IFERROR(AV119-AU119,"-") -> -561.312 | AX119: =IFERROR(AV119/AU119-1,"-") -> -1 | AY119: =AY118/$K$120 -> 561.312 | AZ119: 0 | BA119: =IFERROR(AZ119-AY119,"-") -> -561.312 | BB119: =IFERROR(AZ119/AY119-1,"-") -> -1 | BC119: =BC118/$K$120 -> 748.416 | BD119: 0 | BE119: =IFERROR(BD119-BC119,"-") -> -748.416 | BF119: =IFERROR(BD119/BC119-1,"-") -> -1 | BG119: =BG118/$K$120 -> 654.864 | BH119: 0 | BI119: =IFERROR(BH119-BG119,"-") -> -654.864 | BJ119: =IFERROR(BH119/BG119-1,"-") -> -1 | BK119: =SUM(L119,P119,T119,X119,AC119,AI119,AM119,AQ119,AU119,AY119,BC119,BG119) -> 5000 | BL119: =SUM(L119,P119,T119,X119,AC119,AI119) -> 1398.248 | BM119: =SUM(L119,P119,T119,X119,AC119,AI119,AM119) -> 1912.784 | BN119: =SUM(M119,Q119,U119,Y119,AE119,AJ119,AN119,AR119,AV119,AZ119,BD119,BH119) -> 1169 | BO119: =IFERROR(BN119/BK119-1,"-") -> -0.7662 | BP119: 519 | BQ119: =BK119/BP119 -> 9.6339114
J120: Ticket Médio | K120: 30 | L120: =L118/L119 -> 30 | M120: =IFERROR(M118/M119,"-") -> 27.502564 | N120: =IFERROR(M120-L120,"-") -> -2.4974359 | O120: =IFERROR(M120/L120-1,"-") -> -0.083247863 | P120: =IFERROR(P118/P119,"-") -> 30 | Q120: =IFERROR(Q118/Q119,"-") -> 44.375789 | R120: =IFERROR(Q120-P120,"-") -> 14.375789 | S120: =IFERROR(Q120/P120-1,"-") -> 0.47919298 | T120: =T118/T119 -> 30 | U120: =IFERROR(U118/U119,"-") -> 16.556383 | V120: =IFERROR(U120-T120,"-") -> -13.443617 | W120: =IFERROR(U120/T120-1,"-") -> -0.44812057 | X120: =IFERROR(X118/X119,"-") -> 30 | Y120: =IFERROR(Y118/Y119,"-") -> 18.380314 | AA120: =IFERROR(Y120-X120,"-") -> -11.619686 | AB120: =IFERROR(Y120/X120-1,"-") -> -0.38732286 | AC120: =AC118/AC119 -> 30 | AE120: =IFERROR(AE118/AE119,"-") -> 12.928434 | AF120: =IFERROR(AE120-AC120,"-") -> -17.071566 | AH120: =IFERROR(AE120/AC120-1,"-") -> -0.56905219 | AI120: =AI118/AI119 -> 30 | AJ120: 21.759871 | AK120: =IFERROR(AJ120-AI120,"-") -> -8.240129 | AL120: =IFERROR(AJ120/AI120-1,"-") -> -0.27467097 | AM120: =AM118/AM119 -> 30 | AN120: 21.72 | AO120: =IFERROR(AN120-AM120,"-") -> -8.28 | AP120: =IFERROR(AN120/AM120-1,"-") -> -0.276 | AQ120: =AQ118/AQ119 -> 30 | AR120: =IFERROR(AR118/AR119,"-") -> - | AS120: =IFERROR(AR120-AQ120,"-") -> - | AT120: =IFERROR(AR120/AQ120-1,"-") -> - | AU120: =AU118/AU119 -> 30 | AV120: =IFERROR(AV118/AV119,"-") -> - | AW120: =IFERROR(AV120-AU120,"-") -> - | AX120: =IFERROR(AV120/AU120-1,"-") -> - | AY120: =AY118/AY119 -> 30 | AZ120: =IFERROR(AZ118/AZ119,"-") -> - | BA120: =IFERROR(AZ120-AY120,"-") -> - | BB120: =IFERROR(AZ120/AY120-1,"-") -> - | BC120: =BC118/BC119 -> 30 | BD120: =IFERROR(BD118/BD119,"-") -> - | BE120: =IFERROR(BD120-BC120,"-") -> - | BF120: =IFERROR(BD120/BC120-1,"-") -> - | BG120: =BG118/BG119 -> 30 | BH120: =IFERROR(BH118/BH119,"-") -> - | BI120: =IFERROR(BH120-BG120,"-") -> - | BJ120: =IFERROR(BH120/BG120-1,"-") -> - | BK120: =BK118/BK119 -> 30 | BL120: =IFERROR(BL118/BL119,"-") -> 30 | BM120: =IFERROR(BM118/BM119,"-") -> 30 | BN120: =BN118/BN119 -> 21.651172 | BO120: =IFERROR(BN120/BK120-1,"-") -> -0.27829427 | BP120: =BP118/BP119 -> 18.699422 | BQ120: =BK120/BP120-1 -> 0.60432767
J121: Receita Hanzo | K121: 0.049 | L121: =L118*$K$121 -> 288.806 | M121: =M118*$K$121 -> 315.3444 | N121: =IFERROR(M121-L121,"-") -> 26.5384 | O121: =IFERROR(M121/L121-1,"-") -> 0.091890058 | P121: =P118*$K$121 -> 185.122 | Q121: =Q118*$K$121 -> 206.5693 | R121: =IFERROR(Q121-P121,"-") -> 21.4473 | S121: =IFERROR(Q121/P121-1,"-") -> 0.11585495 | T121: =T118*$K$121 -> 206.28216 | U121: =U118*$K$121 -> 190.64675 | V121: =IFERROR(U121-T121,"-") -> -15.63541 | W121: =IFERROR(U121/T121-1,"-") -> -0.07579623 | X121: =X118*$K$121 -> 275.04288 | Y121: =Y118*$K$121 -> 172.02136 | AA121: =IFERROR(Y121-X121,"-") -> -103.02152 | AB121: =IFERROR(Y121/X121-1,"-") -> -0.3745653 | AC121: =AC118*$K$121 -> 481.32504 | AE121: =AE118*$K$121 -> 125.43167 | AF121: =IFERROR(AE121-AC121,"-") -> -355.89337 | AH121: =IFERROR(AE121/AC121-1,"-") -> -0.7394034 | AI121: =AI118*$K$121 -> 618.84648 | AJ121: 165.26622 | AK121: =IFERROR(AJ121-AI121,"-") -> -453.58026 | AL121: =IFERROR(AJ121/AI121-1,"-") -> -0.73294472 | AM121: =AM118*$K$121 -> 756.36792 | AN121: 64.92108 | AO121: =IFERROR(AN121-AM121,"-") -> -691.44684 | AP121: =IFERROR(AN121/AM121-1,"-") -> -0.91416733 | AQ121: =AQ118*$K$121 -> 825.12864 | AR121: =AR118*$K$121 -> 0 | AS121: =IFERROR(AR121-AQ121,"-") -> -825.12864 | AT121: =IFERROR(AR121/AQ121-1,"-") -> -1 | AU121: =AU118*$K$121 -> 825.12864 | AV121: =AV118*$K$121 -> 0 | AW121: =IFERROR(AV121-AU121,"-") -> -825.12864 | AX121: =IFERROR(AV121/AU121-1,"-") -> -1 | AY121: =AY118*$K$121 -> 825.12864 | AZ121: =AZ118*$K$121 -> 0 | BA121: =IFERROR(AZ121-AY121,"-") -> -825.12864 | BB121: =IFERROR(AZ121/AY121-1,"-") -> -1 | BC121: =BC118*$K$121 -> 1100.1715 | BD121: =BD118*$K$121 -> 0 | BE121: =IFERROR(BD121-BC121,"-") -> -1100.1715 | BF121: =IFERROR(BD121/BC121-1,"-") -> -1 | BG121: =BG118*$K$121 -> 962.65008 | BH121: =BH118*$K$121 -> 0 | BI121: =IFERROR(BH121-BG121,"-") -> -962.65008 | BJ121: =IFERROR(BH121/BG121-1,"-") -> -1 | BK121: =SUM(L121,P121,T121,X121,AC121,AI121,AM121,AQ121,AU121,AY121,BC121,BG121) -> 7350 | BL121: =SUM(L121,P121,T121,X121,AC121,AI121) -> 2055.4246 | BM121: =SUM(L121,P121,T121,X121,AC121,AI121,AM121) -> 2811.7925 | BN121: =SUM(M121,Q121,U121,Y121,AE121,AJ121,AN121,AR121,AV121,AZ121,BD121,BH121) -> 1240.2008 | BO121: =IFERROR(BN121/BK121-1,"-") -> -0.8312652 | BP121: =(5 * 399) + MAX(BP118 * 4.9%, 499) -> 2494 | BQ121: =BK121/BP121 -> 2.947073
J123: WE COFFEE (15) | L123: jan | M123: jan (real) | N123: Diferença (jan) | O123: Comparativo (jan) | P123: fev | Q123: fev (real) | R123: Diferença (fev) | S123: Comparativo (fev) | T123: mar | U123: mar(real) | V123: Diferença (mar) | W123: Comparativo(abr) | X123: abr | Y123: abr(real) | AA123: Diferença (abr) | AB123: Comparativo(abr) | AC123: mai | AE123: mai (real) | AF123: Diferença (mai) | AH123: Comparativo (mai) | AI123: jun | AJ123: jun (real) | AK123: Diferença (jun) | AL123: Comparativo (jun) | AM123: jul | AN123: jul (real) | AO123: Diferença (jul) | AP123: Comparativo (jul) | AQ123: ago | AR123: ago (real) | AS123: Diferença (ago) | AT123: Comparativo (ago) | AU123: set | AV123: set (real) | AW123: Diferença (set) | AX123: Comparativo (set) | AY123: out | AZ123: out (real) | BA123: Diferença (out) | BB123: Comparativo (out) | BC123: nov | BD123: nov (real) | BE123: Diferença (nov) | BF123: Comparativo (nov) | BG123: dez | BH123: dez (real) | BI123: Diferença (dez) | BJ123: Comparativo (dez) | BK123: 2026 (Projeção) | BL123: 2026 (Projeção Jun) | BM123: 2026 (Projeção até Jul) | BN123: 2026 (real) | BO123: 2026 (Projeção x Real) | BP123: 2025
B125: 17 | C125: WE COFFEE | D125: =15000*12 -> 180000 | E125: 32 | F125: =E125*D125 -> 5760000 | G125: 356599.28 | H125: 11282 | I125: 31.607807 | J125: % do mês no ano | L125: - | M125: - | N125: - | O125: Taxa | P125: - | Q125: - | R125: - | S125: Taxa | T125: 0.04 | U125: =U126/(BK126-(L126 + P126)) -> 0.037486633 | V125: - | W125: Taxa | X125: 0.04 | Y125: =Y126/(BK126-(L126+P126)) -> 0.037742433 | AA125: - | AB125: Taxa | AC125: 0.06 | AE125: =AE126/(BK126-(L126+P126)) -> 0.027560716 | AF125: - | AH125: Taxa | AI125: 0.08 | AJ125: 0.028004535 | AK125: - | AL125: Taxa | AM125: 0.1 | AN125: 0.0054649638 | AO125: - | AP125: Taxa | AQ125: 0.1 | AR125: =AR126/(BK126-(L126+P126)) -> 0 | AS125: - | AT125: Taxa | AU125: 0.12 | AV125: =AV126/(BK126-(L126+P126)) -> 0 | AW125: - | AX125: Taxa | AY125: 0.12 | AZ125: =AZ126/(BK126-(L126+P126)) -> 0 | BA125: - | BB125: Taxa | BC125: 0.16 | BD125: =BD126/(BK126-(L126+P126)) -> 0 | BE125: - | BF125: Taxa | BG125: 0.18 | BH125: =BH126/(BK126-(L126+P126)) -> 0 | BI125: - | BJ125: Taxa | BK125: =SUM(T125,X125,AC125,AI125,AM125,AQ125,AU125,AY125,BC125,BG125) -> 1 | BL125: =SUM(T125,X125,AC125,AI125) -> 0.22 | BM125: =SUM(T125,X125,AC125,AI125,AM125) -> 0.32 | BN125: =SUM(U125,Y125,AE125,AJ125,AN125,AR125,AV125,AZ125,BD125,BH125) -> 0.13625928 | BP125: -
J126: GMV | L126: 19995 | M126: 20652.1 | N126: =IFERROR(M126-L126,"-") -> 657.1 | O126: =IFERROR(M126/L126-1,"-") -> 0.032863216 | P126: 19803 | Q126: 20764.09 | R126: =IFERROR(Q126-P126,"-") -> 961.09 | S126: =IFERROR(Q126/P126-1,"-") -> 0.048532546 | T126: =($BK$126-($L$126+$P$126))*T125 -> 26408.08 | U126: 24748.75 | V126: =IFERROR(U126-T126,"-") -> -1659.33 | W126: =IFERROR(U126/T126-1,"-") -> -0.062834178 | X126: =($BK$126-($L$126+$P$126))*X125 -> 26408.08 | Y126: 24917.63 | AA126: =IFERROR(Y126-X126,"-") -> -1490.45 | AB126: =IFERROR(Y126/X126-1,"-") -> -0.056439166 | AC126: =($BK$126-($L$126+$P$126))*AC125 -> 39612.12 | AE126: 18195.64 | AF126: =IFERROR(AE126-AC126,"-") -> -21416.48 | AH126: =IFERROR(AE126/AC126-1,"-") -> -0.54065473 | AI126: =($BK$126-($L$126+$P$126))*AI125 -> 52816.16 | AJ126: 18488.65 | AK126: =IFERROR(AJ126-AI126,"-") -> -34327.51 | AL126: =IFERROR(AJ126/AI126-1,"-") -> -0.64994331 | AM126: =($BK$126-($L$126+$P$126))*AM125 -> 66020.2 | AN126: 3607.98 | AO126: =IFERROR(AN126-AM126,"-") -> -62412.22 | AP126: =IFERROR(AN126/AM126-1,"-") -> -0.94535036 | AQ126: =($BK$126-($L$126+$P$126))*AQ125 -> 66020.2 | AR126: 0 | AS126: =IFERROR(AR126-AQ126,"-") -> -66020.2 | AT126: =IFERROR(AR126/AQ126-1,"-") -> -1 | AU126: =($BK$126-($L$126+$P$126))*AU125 -> 79224.24 | AV126: 0 | AW126: =IFERROR(AV126-AU126,"-") -> -79224.24 | AX126: =IFERROR(AV126/AU126-1,"-") -> -1 | AY126: =($BK$126-($L$126+$P$126))*AY125 -> 79224.24 | AZ126: 0 | BA126: =IFERROR(AZ126-AY126,"-") -> -79224.24 | BB126: =IFERROR(AZ126/AY126-1,"-") -> -1 | BC126: =($BK$126-($L$126+$P$126))*BC125 -> 105632.32 | BD126: 0 | BE126: =IFERROR(BD126-BC126,"-") -> -105632.32 | BF126: =IFERROR(BD126/BC126-1,"-") -> -1 | BG126: =($BK$126-($L$126+$P$126))*BG125 -> 118836.36 | BH126: 0 | BI126: =IFERROR(BH126-BG126,"-") -> -118836.36 | BJ126: =IFERROR(BH126/BG126-1,"-") -> -1 | BK126: 700000 | BL126: =SUM(L126,P126,T126,X126,AC126,AI126) -> 185042.44 | BM126: =SUM(L126,P126,T126,X126,AC126,AI126,AM126) -> 251062.64 | BN126: =SUM(M126,Q126,U126,Y126,AE126,AJ126,AN126,AR126,AV126,AZ126,BD126,BH126) -> 131374.84 | BO126: =IFERROR(BN126/BK126-1,"-") -> -0.81232166 | BP126: 356599.28 | BQ126: =BK126/BP126 -> 1.9629877
J127: Pedidos | L127: =L126/$K$128 -> 666.5 | M127: 905 | N127: =IFERROR(M127-L127,"-") -> 238.5 | O127: =IFERROR(M127/L127-1,"-") -> 0.35783946 | P127: =P126/$K$128 -> 660.1 | Q127: 837 | R127: =IFERROR(Q127-P127,"-") -> 176.9 | S127: =IFERROR(Q127/P127-1,"-") -> 0.2679897 | T127: =T126/$K$128 -> 880.26933 | U127: 1651 | V127: =IFERROR(U127-T127,"-") -> 770.73067 | W127: =IFERROR(U127/T127-1,"-") -> 0.87556233 | X127: =X126/$K$128 -> 880.26933 | Y127: 895 | AA127: =IFERROR(Y127-X127,"-") -> 14.730667 | AB127: =IFERROR(Y127/X127-1,"-") -> 0.016734272 | AC127: =AC126/$K$128 -> 1320.404 | AE127: 573 | AF127: =IFERROR(AE127-AC127,"-") -> -747.404 | AH127: =IFERROR(AE127/AC127-1,"-") -> -0.56604191 | AI127: =AI126/$K$128 -> 1760.5387 | AJ127: 572 | AK127: =IFERROR(AJ127-AI127,"-") -> -1188.5387 | AL127: =IFERROR(AJ127/AI127-1,"-") -> -0.67509944 | AM127: =AM126/$K$128 -> 2200.6733 | AN127: 156 | AO127: =IFERROR(AN127-AM127,"-") -> -2044.6733 | AP127: =IFERROR(AN127/AM127-1,"-") -> -0.9291126 | AQ127: =AQ126/$K$128 -> 2200.6733 | AR127: 0 | AS127: =IFERROR(AR127-AQ127,"-") -> -2200.6733 | AT127: =IFERROR(AR127/AQ127-1,"-") -> -1 | AU127: =AU126/$K$128 -> 2640.808 | AV127: 0 | AW127: =IFERROR(AV127-AU127,"-") -> -2640.808 | AX127: =IFERROR(AV127/AU127-1,"-") -> -1 | AY127: =AY126/$K$128 -> 2640.808 | AZ127: 0 | BA127: =IFERROR(AZ127-AY127,"-") -> -2640.808 | BB127: =IFERROR(AZ127/AY127-1,"-") -> -1 | BC127: =BC126/$K$128 -> 3521.0773 | BD127: 0 | BE127: =IFERROR(BD127-BC127,"-") -> -3521.0773 | BF127: =IFERROR(BD127/BC127-1,"-") -> -1 | BG127: =BG126/$K$128 -> 3961.212 | BH127: 0 | BI127: =IFERROR(BH127-BG127,"-") -> -3961.212 | BJ127: =IFERROR(BH127/BG127-1,"-") -> -1 | BK127: =SUM(L127,P127,T127,X127,AC127,AI127,AM127,AQ127,AU127,AY127,BC127,BG127) -> 23333.333 | BL127: =SUM(L127,P127,T127,X127,AC127,AI127) -> 6168.0813 | BM127: =SUM(L127,P127,T127,X127,AC127,AI127,AM127) -> 8368.7547 | BN127: =SUM(M127,Q127,U127,Y127,AE127,AJ127,AN127,AR127,AV127,AZ127,BD127,BH127) -> 5589 | BO127: =IFERROR(BN127/BK127-1,"-") -> -0.76047143 | BP127: 11282 | BQ127: =BK127/BP127 -> 2.0681912
...

Sheet Projeção
G1: CONSOLIDADO
C2: CLIENTE | D2: PED. PLACES | E2: TM PLACES | F2: RECEITA PLACES | G2: FAT | H2: PED | I2: TM
B3: 1 | C3: BACIO DI LATTE | G3: 34429130 | H3: 329237 | I3: 104.57248 | J3: BACIO DI LATTE (+200) | L3: jan | M3: jan (real) | N3: Diferença (jan) | O3: Comparativo (jan) | P3: fev | Q3: fev (real) | R3: Diferença (fev) | S3: Comparativo (fev) | T3: mar | U3: mar (real) | V3: Diferença (mar) | W3: Comparativo (mar) | X3: abr | Y3: abr (real) | Z3: Diferença (abr) | AA3: Comparativo (abr) | AB3: mai | AC3: mai (real) | AD3: Diferença (mai) | AE3: Comparativo (mai) | AF3: jun | AG3: jun (semana1) | AH3: jun (semana2) | AI3: jun (semana3) | AJ3: jun (semana4) | AK3: jun (semana5) | AL3: jun (real) | AM3: Diferença (jun) | AN3: Comparativo (jun) | AO3: jul | AP3: jul (semana1) | AQ3: jul (semana2) | AR3: jul (semana3) | AS3: jul (semana4) | AT3: jul (semana5) | AU3: jul (real) | AV3: Diferença (jul) | AW3: Comparativo (jul) | AX3: ago | AY3: ago (real) | AZ3: Diferença (ago) | BA3: Comparativo (ago) | BB3: set | BC3: set (real) | BD3: Diferença (set) | BE3: Comparativo (set) | BF3: out | BG3: out (real) | BH3: Diferença (out) | BI3: Comparativo (out) | BJ3: nov | BK3: nov (real) | BL3: Diferença (nov) | BM3: Comparativo (nov) | BN3: dez | BO3: dez (real) | BP3: Diferença (dez) | BQ3: Comparativo (dez) | BR3: 2026 | BS3: 2026 (real) | BT3: 2026 (Projeção x Real) | BU3: 2025 | BV3: -
J4: Projeção semanal | AG4: =$AF$5/5 -> 0.016 | AH4: =$AF$5/5 -> 0.016 | AI4: =$AF$5/5 -> 0.016 | AJ4: =$AF$5/5 -> 0.016 | AK4: =$AF$5/5 -> 0.016 | AP4: =$AO$5/5 -> 0.02 | AQ4: =$AO$5/5 -> 0.02 | AR4: =$AO$5/5 -> 0.02 | AS4: =$AO$5/5 -> 0.02 | AT4: =$AO$5/5 -> 0.02
J5: % do mês no ano | L5: - | M5: - | N5: - | O5: Taxa | P5: - | Q5: - | R5: - | S5: Taxa | T5: 0.04 | U5: =U6/(BR6-(L6 + P6)) -> 0.11865253 | V5: - | W5: Taxa | X5: 0.06 | Y5: =Y6/(BR6-(L6+P6)) -> 0.082262362 | Z5: - | AA5: Taxa | AB5: 0.08 | AC5: =AC6/(BR6-(L6+P6)) -> 0.079638607 | AD5: - | AE5: Taxa | AF5: 0.08 | AG5: =AG6/($BR$6-($L$6+$P$6)) -> 0.0079343225 | AH5: =AH6/($BR$6-($L$6+$P$6)) -> 0.018298724 | AI5: =AI6/($BR$6-($L$6+$P$6)) -> 0.015253502 | AJ5: =AJ6/($BR$6-($L$6+$P$6)) -> 0.023215778 | AK5: =AK6/($BR$6-($L$6+$P$6)) -> 0.005405939 | AL5: =SUM(AG5:AK5) -> 0.070108265 | AM5: =AL5-AF5 -> -0.0098917353 | AN5: Taxa | AO5: 0.1 | AP5: =AP6/($BR$6-($L$6+$P$6)) -> 0.019221298 | AQ5: =AQ6/($BR$6-($L$6+$P$6)) -> 0.012767218 | AR5: =AR6/($BR$6-($L$6+$P$6)) -> 0 | AS5: =AS6/($BR$6-($L$6+$P$6)) -> 0 | AT5: =AT6/($BR$6-($L$6+$P$6)) -> 0 | AU5: =SUM(AP5:AT5) -> 0.031988516 | AV5: - | AW5: Taxa | AX5: 0.06 | AY5: =AY6/(BR6-(L6+P6)) -> 0 | AZ5: - | BA5: Taxa | BB5: 0.14 | BC5: =BC6/(BR6-(L6+P6)) -> 0 | BD5: - | BE5: Taxa | BF5: 0.14 | BG5: =BG6/(BR6-(L6+P6)) -> 0 | BH5: - | BI5: Taxa | BJ5: 0.16 | BK5: =BK6/(BR6-(L6+P6)) -> 0 | BL5: - | BM5: Taxa | BN5: 0.14 | BO5: =BO6/(CS6-(BF6 + BJ6)) -> 0 | BP5: - | BQ5: Taxa | BR5: =SUM(T5,X5,AB5,AF5,AO5,AX5,BB5,BF5,BJ5,BN5) -> 1 | BS5: =SUM(U5,Y5,AC5,AG5,AU5,AY5,BC5,BG5,BK5,BO5) -> 0.32047633
J6: GMV | L6: 2864120 | M6: 3131157.9 | N6: =IFERROR(M6-L6,"-") -> 267037.88 | O6: =IFERROR(M6/L6-1,"-") -> 0.093235577 | P6: 2553655 | Q6: 2769592.7 | R6: =IFERROR(Q6-P6,"-") -> 215937.71 | S6: =IFERROR(Q6/P6-1,"-") -> 0.084560252 | T6: =($BR$6-($L$6+$P$6))*T5 -> 1783289 | U6: 5289793.6 | V6: =IFERROR(U6-T6,"-") -> 3506504.6 | W6: =IFERROR(U6/T6-1,"-") -> 1.9663131 | X6: =($BR$6-($L$6+$P$6))*X5 -> 2674933.5 | Y6: 3667439.1 | Z6: =IFERROR(Y6-X6,"-") -> 992505.64 | AA6: =IFERROR(Y6/X6-1,"-") -> 0.37103937 | AB6: =($BR$6-($L$6+$P$6))*AB5 -> 3566578 | AC6: 3550466.3 | AD6: =IFERROR(AC6-AB6,"-") -> -16111.72 | AE6: =IFERROR(AC6/AB6-1,"-") -> -0.004517417 | AF6: =($BR$6-($L$6+$P$6))*AF5 -> 3566578 | AG6: 353729.75 | AH6: 815797.81 | AI6: 680035.04 | AJ6: 1035011 | AK6: 241008.79 | AL6: =SUM(AG6:AK6) -> 3125582.4 | AM6: =IFERROR(AL6-AF6,"-") -> -440995.57 | AN6: =IFERROR(AL6/AF6-1,"-") -> -0.12364669 | AO6: =($BR$6-($L$6+$P$6))*AO5 -> 4458222.5 | AP6: 856928.23 | AQ6: 569190.98 | AU6: =SUM(AP6:AT6) -> 1426119.2 | AV6: =IFERROR(AU6-AO6,"-") -> -3032103.3 | AW6: =IFERROR(AU6/AO6-1,"-") -> -0.68011484 | AX6: =($BR$6-($L$6+$P$6))*AX5 -> 2674933.5 | AZ6: =IFERROR(AY6-AX6,"-") -> -2674933.5 | BA6: =IFERROR(AY6/AX6-1,"-") -> -1 | BB6: =($BR$6-($L$6+$P$6))*BB5 -> 6241511.5 | BD6: =IFERROR(BC6-BB6,"-") -> -6241511.5 | BE6: =IFERROR(BC6/BB6-1,"-") -> -1 | BF6: =($BR$6-($L$6+$P$6))*BF5 -> 6241511.5 | BH6: =IFERROR(BG6-BF6,"-") -> -6241511.5 | BI6: =IFERROR(BG6/BF6-1,"-") -> -1 | BJ6: =($BR$6-($L$6+$P$6))*BJ5 -> 7133156 | BL6: =IFERROR(BK6-BJ6,"-") -> -7133156 | BM6: =IFERROR(BK6/BJ6-1,"-") -> -1 | BN6: =($BR$6-($L$6+$P$6))*BN5 -> 6241511.5 | BP6: =IFERROR(BO6-BN6,"-") -> -6241511.5 | BQ6: =IFERROR(BO6/BN6-1,"-") -> -1 | BR6: 50000000 | BS6: =SUM(M6,Q6,U6,Y6,AC6,AG6,AU6,AY6,BC6,BG6,BK6,BO6) -> 20188299 | BT6: =IFERROR(BS6/BR6-1,"-") -> -0.59623403 | BU6: 34645067 | BV6: =BR6/BU6-1 -> 0.44320689
J7: Pedidos | L7: 33527 | M7: 33320 | N7: =IFERROR(M7-L7,"-") -> -207 | O7: =IFERROR(M7/L7-1,"-") -> -0.0061741283 | P7: 28807 | Q7: 28740 | R7: =IFERROR(Q7-P7,"-") -> -67 | S7: =IFERROR(Q7/P7-1,"-") -> -0.0023258236 | T7: =T6/$K$8 -> 19814.322 | U7: 41947 | V7: =IFERROR(U7-T7,"-") -> 22132.678 | W7: =IFERROR(U7/T7-1,"-") -> 1.117004 | X7: =X6/$K$8 -> 29721.483 | Y7: 37395 | Z7: =IFERROR(Y7-X7,"-") -> 7673.5167 | AA7: =IFERROR(Y7/X7-1,"-") -> 0.25818081 | AB7: =AB6/$K$8 -> 39628.644 | AC7: 35712 | AD7: =IFERROR(AC7-AB7,"-") -> -3916.6444 | AE7: =IFERROR(AC7/AB7-1,"-") -> -0.098833672 | AF7: =AF6/$K$8 -> 39628.644 | AG7: 4815 | AH7: 9026 | AI7: 7871 | AJ7: 8456 | AK7: 3035 | AL7: =SUM(AG7:AK7) -> 33203 | AM7: =IFERROR(AL7-AF7,"-") -> -6425.6444 | AN7: =IFERROR(AL7/AF7-1,"-") -> -0.16214646 | AO7: =AO6/$K$8 -> 49535.806 | AP7: 7831 | AQ7: 7152 | AU7: =SUM(AP7:AT7) -> 14983 | AV7: =IFERROR(AU7-AO7,"-") -> -34552.806 | AW7: =IFERROR(AU7/AO7-1,"-") -> -0.69753192 | AX7: =AX6/$K$8 -> 29721.483 | AZ7: =IFERROR(AY7-AX7,"-") -> -29721.483 | BA7: =IFERROR(AY7/AX7-1,"-") -> -1 | BB7: =BB6/$K$8 -> 69350.128 | BD7: =IFERROR(BC7-BB7,"-") -> -69350.128 | BE7: =IFERROR(BC7/BB7-1,"-") -> -1 | BF7: =BF6/$K$8 -> 69350.128 | BH7: =IFERROR(BG7-BF7,"-") -> -69350.128 | BI7: =IFERROR(BG7/BF7-1,"-") -> -1 | BJ7: =BJ6/$K$8 -> 79257.289 | BL7: =IFERROR(BK7-BJ7,"-") -> -79257.289 | BM7: =IFERROR(BK7/BJ7-1,"-") -> -1 | BN7: =BN6/$K$8 -> 69350.128 | BP7: =IFERROR(BO7-BN7,"-") -> -69350.128 | BQ7: =IFERROR(BO7/BN7-1,"-") -> -1 | BR7: =SUM(L7,P7,T7,X7,AB7,AF7,AO7,AX7,BB7,BF7,BJ7,BN7) -> 557692.06 | BS7: =SUM(M7,Q7,U7,Y7,AC7,AG7,AU7,AY7,BC7,BG7,BK7,BO7) -> 196912 | BT7: =(BS7/BR7-1) -> -0.64691625 | BU7: 329232 | BV7: =BR7/BU7-1 -> 0.69391814
J8: Ticket Médio | K8: 90 | L8: 90 | M8: =IFERROR(M6/M7,"-") -> 93.972325 | N8: =IFERROR(M8-L8,"-") -> 3.9723253 | O8: =IFERROR(M8/L8-1,"-") -> 0.044136948 | P8: 90 | Q8: =Q6/Q7 -> 96.367178 | R8: =IFERROR(Q8-P8,"-") -> 6.3671785 | S8: =IFERROR(Q8/P8-1,"-") -> 0.070746428 | T8: 90 | U8: =IFERROR(U6/U7,"-") -> 126.1066 | V8: =IFERROR(U8-T8,"-") -> 36.1066 | W8: =IFERROR(U8/T8-1,"-") -> 0.40118445 | X8: =IFERROR(X6/X7,"-") -> 90 | Y8: =IFERROR(Y6/Y7,"-") -> 98.072981 | Z8: =IFERROR(Y8-X8,"-") -> 8.0729814 | AA8: =IFERROR(Y8/X8-1,"-") -> 0.089699793 | AB8: 90 | AC8: =IFERROR(AC6/AC7,"-") -> 99.419419 | AD8: =IFERROR(AC8-AB8,"-") -> 9.4194187 | AE8: =IFERROR(AC8/AB8-1,"-") -> 0.10466021 | AF8: =AF6/AF7 -> 90 | AG8: =IFERROR(AG6/AG7,"-") -> 73.464123 | AH8: =IFERROR(AH6/AH7,"-") -> 90.383094 | AI8: =IFERROR(AI6/AI7,"-") -> 86.39754 | AJ8: =IFERROR(AJ6/AJ7,"-") -> 122.3996 | AK8: =IFERROR(AK6/AK7,"-") -> 79.409815 | AL8: =IFERROR(AL6/AL7,"-") -> 94.135543 | AM8: =IFERROR(AL8-AF8,"-") -> 4.1355429 | AN8: =IFERROR(AL8/AF8-1,"-") -> 0.045950476 | AO8: =AO6/AO7 -> 90 | AP8: =IFERROR(AP6/AP7,"-") -> 109.42769 | AQ8: =IFERROR(AQ6/AQ7,"-") -> 79.584869 | AR8: =IFERROR(AR6/AR7,"-") -> - | AS8: =IFERROR(AS6/AS7,"-") -> - | AT8: =IFERROR(AT6/AT7,"-") -> - | AU8: =IFERROR(AU6/AU7,"-") -> 95.182487 | AV8: =IFERROR(AU8-AO8,"-") -> 5.1824875 | AW8: =IFERROR(AU8/AO8-1,"-") -> 0.057583194 | AX8: =AX6/AX7 -> 90 | AY8: =IFERROR(AY6/AY7,"-") -> - | AZ8: =IFERROR(AY8-AX8,"-") -> - | BA8: =IFERROR(AY8/AX8-1,"-") -> - | BB8: =BB6/BB7 -> 90 | BC8: =IFERROR(BC6/BC7,"-") -> - | BD8: =IFERROR(BC8-BB8,"-") -> - | BE8: =IFERROR(BC8/BB8-1,"-") -> - | BF8: =BF6/BF7 -> 90 | BG8: =IFERROR(BG6/BG7,"-") -> - | BH8: =IFERROR(BG8-BF8,"-") -> - | BI8: =IFERROR(BG8/BF8-1,"-") -> - | BJ8: =BJ6/BJ7 -> 90 | BK8: =IFERROR(BK6/BK7,"-") -> - | BL8: =IFERROR(BK8-BJ8,"-") -> - | BM8: =IFERROR(BK8/BJ8-1,"-") -> - | BN8: =BN6/BN7 -> 90 | BO8: =IFERROR(BO6/BO7,"-") -> - | BP8: =IFERROR(BO8-BN8,"-") -> - | BQ8: =IFERROR(BO8/BN8-1,"-") -> - | BR8: =BR6/BR7 -> 89.655213 | BS8: =BS6/BS7 -> 102.52447 | BT8: =(BS8/BR8-1) -> 0.14354165 | BU8: =BU6/BU7 -> 105.22995 | BV8: =BR8/BU8-1 -> -0.1480067
J9: Receita Hanzo | K9: 0.049 | L9: =L6*$K$9 -> 140341.88 | M9: =M6*$K$9 -> 153426.74 | N9: =IFERROR(M9-L9,"-") -> 13084.856 | O9: =IFERROR(M9/L9-1,"-") -> 0.093235577 | P9: =P6*$K$9 -> 125129.1 | Q9: =Q6*$K$9 -> 135710.04 | R9: =IFERROR(Q9-P9,"-") -> 10580.948 | S9: =IFERROR(Q9/P9-1,"-") -> 0.084560252 | T9: =T6*$K$9 -> 87381.161 | U9: =U6*$K$9 -> 259199.88 | V9: =IFERROR(U9-T9,"-") -> 171818.72 | W9: =IFERROR(U9/T9-1,"-") -> 1.9663131 | X9: =X6*$K$9 -> 131071.74 | Y9: =Y6*$K$9 -> 179704.52 | Z9: =IFERROR(Y9-X9,"-") -> 48632.776 | AA9: =IFERROR(Y9/X9-1,"-") -> 0.37103937 | AB9: =AB6*$K$9 -> 174762.32 | AC9: =AC6*$K$9 -> 173972.85 | AD9: =IFERROR(AC9-AB9,"-") -> -789.47428 | AE9: =IFERROR(AC9/AB9-1,"-") -> -0.004517417 | AF9: =AF6*$K$9 -> 174762.32 | AG9: =AG6*$K$9 -> 17332.758 | AH9: =AH6*$K$9 -> 39974.093 | AI9: =AI6*$K$9 -> 33321.717 | AJ9: =AJ6*$K$9 -> 50715.541 | AK9: =AK6*$K$9 -> 11809.431 | AL9: =AL6*$K$9 -> 153153.54 | AM9: =IFERROR(AL9-AF9,"-") -> -21608.783 | AN9: =IFERROR(AL9/AF9-1,"-") -> -0.12364669 | AO9: =AO6*$K$9 -> 218452.9 | AP9: =AP6*$K$9 -> 41989.483 | AQ9: =AQ6*$K$9 -> 27890.358 | AR9: =AR6*$K$9 -> 0 | AS9: =AS6*$K$9 -> 0 | AT9: =AT6*$K$9 -> 0 | AU9: =AU6*$K$9 -> 69879.841 | AV9: =IFERROR(AU9-AO9,"-") -> -148573.06 | AW9: =IFERROR(AU9/AO9-1,"-") -> -0.68011484 | AX9: =AX6*$K$9 -> 131071.74 | AY9: =AY6*$K$9 -> 0 | AZ9: =IFERROR(AY9-AX9,"-") -> -131071.74 | BA9: =IFERROR(AY9/AX9-1,"-") -> -1 | BB9: =BB6*$K$9 -> 305834.06 | BC9: =BC6*$K$9 -> 0 | BD9: =IFERROR(BC9-BB9,"-") -> -305834.06 | BE9: =IFERROR(BC9/BB9-1,"-") -> -1 | BF9: =BF6*$K$9 -> 305834.06 | BG9: =BG6*$K$9 -> 0 | BH9: =IFERROR(BG9-BF9,"-") -> -305834.06 | BI9: =IFERROR(BG9/BF9-1,"-") -> -1 | BJ9: =BJ6*$K$9 -> 349524.64 | BK9: =BK6*$K$9 -> 0 | BL9: =IFERROR(BK9-BJ9,"-") -> -349524.64 | BM9: =IFERROR(BK9/BJ9-1,"-") -> -1 | BN9: =BN6*$K$9 -> 305834.06 | BO9: =BO6*$K$9 -> 0 | BP9: =IFERROR(BO9-BN9,"-") -> -305834.06 | BQ9: =IFERROR(BO9/BN9-1,"-") -> -1 | BR9: =SUM(L9,P9,T9,X9,AB9,AF9,AO9,AX9,BB9,BF9,BJ9,BN9) -> 2450000 | BS9: =SUM(M9,Q9,U9,Y9,AC9,AG9,AU9,AY9,BC9,BG9,BK9,BO9) -> 989226.63 | BT9: =(BS9/BR9-1) -> -0.59623403 | BU9: =BU6*0.049 -> 1697608.3 | BV9: =BR9/BU9-1 -> 0.44320689
P10: 16 | R10: 100 | S10: 180 | T10: 300 | U10: 400 | V10: 450 | W10: 500
